FA (kg/m3),GGBFS (kg/m3),Coarse aggregate (kg/m3),Fine aggregate (kg/m3),Na2SiO3,NaOH,Sio2 (Dry),Concentration (M) NaOH,Superplasticizer,Total water,Initial curing time (day),Initial curing temp (C),Initial curing rest time (day),Final curing temp (C),Water_to_Binder,Water_to_Activator,SP_ratio,total_material_mass,Total_CO2_kg,Compressive_strength_MPa
0.0,0.06956521739130435,-0.12797297183106993,-0.4957654589010292,0.7004669784526129,0.7415485280521447,0.7567794828673535,0.0,0.09523809523809532,0.6513598722346591,0.0,0.0,0.0,0.0,0.6297160644069528,-0.4363636337284584,0.1075085325835265,0.8851422544456348,512.2100329815,46.57
0.14076246334310852,0.16231884057971013,-0.4655677497872546,0.19878520004749917,0.9006004015347562,0.9509269360230423,0.9728820685305867,0.0,0.142857142857143,0.8496234376408408,0.0,0.0,0.0,0.0,0.6297160647605471,-0.4363636352280588,0.15982241588332552,0.9483667018239798,534.8874660787101,46.01
2.0527859237536656,-1.8782608695652174,2.036407107471788,-13.510355172417745,-1.0098398939358502,-1.047764449320269,-1.1452596174059284,8.0,-0.9047619047619047,-1.6109122767822919,1.0,1.5714285714285714,-1.0,-1.0,-1.7176196058949085,-11.686363590717106,-0.8924914674164736,-0.48788198072420297,330.02833670000007,44.67
0.07038123167155426,0.11594202898550725,-0.47777055314228795,1.2521750704676602,0.441961307166085,0.4711014177818471,0.4776119402985075,0.0,0.11904761904761904,0.41705743408426055,0.0,0.0,0.0,0.0,0.29638273025082007,-0.1636363603353251,0.13299872866195778,0.4910432024292538,489.90119602845,43.71
-1.5483870967741935,2.2956521739130435,-3.9665746502530483,1.005837015039029,0.4996664446295306,0.5278080700042453,0.4532268236283373,-2.0,-0.9047619047619047,4.077462130420607,0.0,-0.02857142857142857,0.0,-1.0,3.1653319112948792,44.30838251807465,-0.8924914674164736,-7.865121175216932,437.44151,36.9526
-1.5483870967741935,2.2956521739130435,-4.021117608995598,0.42257058028267086,0.9806537698336579,-0.7241003271334502,0.9627916754256889,2.0,-0.9047619047619047,4.1498033587044985,0.0,-0.02857142857142857,0.0,-1.0,3.230117986841495,45.1616719062254,-0.8924914674164736,-8.210748150762363,447.95688999999993,52.7928
-0.7859237536656891,0.26666666666666666,0.4469963738050063,0.10960363123589249,-0.7254836569216033,-0.7502726282061482,-0.7836871978137483,0.0,-0.023809523809523725,-0.7050245861908482,0.0,0.0,0.0,0.0,-0.37028393739648463,0.5636363650062204,-0.02372070337487995,-0.3097997854732492,373.25611577066996,55.62
-0.31671554252199413,0.7304347826086957,-0.4448904783086974,-0.8034792723684562,-0.12508339001006258,-0.1221374042934558,-0.13537944082404874,0.0,0.1666666666666667,-0.09807314556652062,0.0,0.0,0.0,0.0,-0.37028393628452083,0.5636363828892238,0.18585904804744396,-0.42992623871658925,446.0809499418,48.9542
-1.5483870967741935,2.2956521739130435,-4.047982051361332,0.13093736290449184,0.8569046036403627,-0.3943293347166914,0.8316165650620141,4.0,-0.9047619047619047,4.1068683304868365,0.0,-0.02857142857142857,0.0,-1.0,3.191666994956347,44.592936485659294,-0.8924914674164736,-8.381454156976881,458.89416,56.205
-0.3519061583577713,-0.16231884057971013,0.4469963738050063,0.10960363123589249,-0.7254836569216033,-0.7502726282061482,-0.7836871978137483,0.0,-0.023809523809523725,-0.7050245861908482,0.0,0.0,0.0,0.0,-0.37028393739648463,0.5636363650062204,-0.02372070337487995,-0.3097997854732492,368.70511577067003,42.95
-0.844574780058651,0.20869565217391303,0.5225924994444352,-0.002654266993628097,0.1000667115410717,0.11341330413945233,0.10847172587765393,0.0,-0.047619047619047554,0.0565691760161129,0.0,0.0,0.0,0.0,0.6297160631104406,-0.4363636508737935,-0.04621315034044671,0.6701791399345444,448.58340444377,46.68
0.7390029325513197,-0.3130434782608696,-0.4448904783086974,-0.8034792723684562,0.6254169453805313,0.6630316248340504,0.676056338028169,0.0,0.1666666666666667,0.5998124300181226,0.0,0.0,0.0,0.0,0.29638272957542755,-0.1636363770181052,0.18585904804744396,0.5184404635289015,505.4719499820499,25.6209
-1.5483870967741935,2.2956521739130435,-3.9641324282197994,1.035595506608231,0.2334889928175376,1.2300981464473428,0.17153668278326673,-2.0,-0.9047619047619047,4.0361003985104436,0.0,-0.02857142857142857,0.0,-1.0,3.128289904242485,43.75917191158749,-0.8924914674164736,-7.846153841193095,439.89536,38.5173
-0.4340175953079179,0.6144927536231884,-0.4927580301603681,1.3611534043753033,-0.6337558366469349,1.9716466741941443,-0.6844649989489175,0.0,0.11904761904761904,0.15754678617604453,0.0,0.0,0.0,0.0,0.03695060195340307,1.1814934835758015,0.13300340488116574,0.03772392073483261,472.3611630582,57.84
-0.28152492668621704,-0.11594202898550725,0.3566072615694854,0.13955877882078063,0.30020013462321576,0.32279171211035007,0.3245743115408871,0.0,0.0,0.25483274142229473,0.0,0.0,0.0,0.0,0.629716063588103,-0.4363636517077847,0.0,0.9820864153959286,467.01076557664004,46.27
0.0,0.06956521739130435,-0.49373491897366756,2.1783215828655935,0.7004669784526129,0.7415485280521447,0.7567794828673535,0.0,0.09523809523809532,0.6513598722346591,0.0,0.0,0.0,0.0,0.6297160644069528,-0.4363636337284584,0.1075085325835265,0.8851422544456348,512.20554,46.5363
2.0527859237536656,-1.8782608695652174,2.036407107471788,-13.510355172417745,-1.0098398939358502,-1.047764449320269,-1.1452596174059284,4.0,-0.9047619047619047,-1.4378243480733384,1.0,1.5714285714285714,-1.0,-1.0,-1.5433683415543558,-8.257792175253892,-0.8924914674164736,-0.48788198072420297,316.9450567,44.47
0.49266862170087977,-0.41739130434782606,-0.12797297183106993,-0.4957654589010292,0.0,0.00872410045934723,0.0,0.0,0.09523809523809532,0.0,0.0,0.0,0.0,0.0,-0.03695060318167851,0.16363636397760326,0.1075085325835265,0.0,441.28043298150004,38.16
-0.21114369501466276,-0.06956521739130435,0.25166392250458275,0.08546555454898189,0.40026684382939703,0.4274809164011418,0.43220517132646635,0.0,0.02380952380952383,0.35396452539212975,0.0,0.0,0.0,0.0,0.6297160652048065,-0.4363636162101383,0.025052392232649243,1.0368809257933178,478.36665634319996,46.35
-0.4222873900293255,-0.20869565217391303,0.522229446857712,0.0,0.1000667115410717,0.11341330413945233,0.10847172587765393,0.0,-0.047619047619047554,0.0565691760161129,0.0,0.0,0.0,0.0,0.6297160631104406,-0.4363636508737935,-0.04621315026437009,0.6701791357195875,444.15539998205,43.3535
0.7390029325513197,-0.3130434782608696,-0.4448904783086974,-0.8034792723684562,1.0006671130758287,1.0556161397031474,1.0813537944082405,0.0,0.1666666666666667,0.9487552190771876,1.0,1.0,0.0,0.0,0.6297160637154792,-0.4363636489110052,0.18585904804744396,0.9926238147570247,563.1607833582001,29.5098
2.0527859237536656,-1.8782608695652174,2.036407107471788,-13.510355172417745,-1.0098398939358502,-1.047764449320269,-1.1452596174059284,0.0,-0.9047619047619047,-1.2647364193643853,1.0,0.42857142857142855,-1.0,-1.0,-1.3691170772138035,-4.829220759790686,-0.8924914674164736,-0.48788198072420297,278.19511000000006,33.86
2.0527859237536656,-1.8782608695652174,2.036407107471788,-13.510355172417745,-1.176006227235494,-0.6131588510859785,-1.3210006306495694,6.0,-0.9047619047619047,-1.5458240035062463,1.0,1.5714285714285714,-1.0,-1.0,-1.652093869948496,-10.397077879687824,-0.8924914674164736,-0.48788198072420297,329.268276667,43.89
-1.5483870967741935,2.2956521739130435,-3.9079613214550837,1.6367170363061143,0.9806537698336579,-0.7241003271334502,0.9627916754256889,-6.0,-0.9047619047619047,4.113321125487155,0.0,-0.02857142857142857,0.0,-1.0,3.1974458747776424,44.71167190794587,-0.8924914674164736,-7.487881976298433,419.05495,8.47597
0.41055718475073316,-0.45217391304347826,0.0,-0.28865028570026563,-0.4252835222983879,-0.4362050165551457,-0.4591128862728612,0.0,0.07142857142857138,-0.4015488671454283,0.0,0.0,0.0,0.0,-0.3702839381143949,0.5636363423215164,0.07962749169133294,-0.35194942000930024,399.59518497015006,36.24
2.0527859237536656,-1.8782608695652174,2.036407107471788,-13.510355172417745,-1.0098398939358502,-1.047764449320269,-1.1452596174059284,2.0,-0.9047619047619047,-1.3512803837188618,1.0,2.142857142857143,-1.0,-1.0,-1.4562427093840795,-6.543506467522293,-0.8924914674164736,-0.48788198072420297,323.23675000000003,43.5
-0.375366568914956,0.672463768115942,-0.4655677497872546,0.19878520004749917,0.16677785101185943,0.1832061072035431,0.17994534370401521,0.0,0.142857142857143,0.16724642899502984,0.0,0.0,0.0,0.0,-0.03695060247449002,0.16363638271981096,0.15982241588332552,0.02107481473903605,471.40426594436,59.23
-1.5483870967741935,2.2956521739130435,-3.9315694677764856,0.7856241774269376,0.7004669784526129,0.00872410045934723,0.6659659449232712,-4.0,-0.9047619047619047,4.096397422855776,0.0,-0.02857142857142857,0.0,-1.0,3.1822896450146883,44.50292190874397,-0.8924914674164736,-7.850368804309499,426.70878,23.8675
-0.7272727272727273,0.32463768115942027,0.3566072615694854,0.13955877882078063,-0.6504336238495219,-0.6717557249880538,-0.7029640529745639,0.0,0.0,-0.629155655162749,0.0,0.0,0.0,0.0,-0.370283936157144,0.5636363866546618,0.0,-0.21917807446627666,382.43416546024,55.85
0.08211143695014662,-0.591304347826087,0.44245019377159445,0.14224558970078513,-0.7871914611655711,1.6706652127741468,-0.8501156190876603,0.0,-0.023809523809523725,-0.06123803541489322,0.0,0.0,0.0,0.0,0.3776740557957538,0.8542207586598471,-0.023716802898809366,0.46975763953439276,432.34491098204995,31.44
0.41055718475073316,-0.45217391304347826,0.0,-0.28865028570026563,0.2585056712865278,0.27917121072964474,0.27916754256884596,0.0,0.07142857142857138,0.2343024381503985,0.0,0.0,0.0,0.0,0.29638273099210427,-0.1636363638357917,0.07962749169133294,0.512118019275797,463.79298506425,26.95
2.0527859237536656,-1.8782608695652174,2.036407107471788,-13.510355172417745,-1.0098398939358502,-1.047764449320269,-1.1452596174059284,0.0,-0.9047619047619047,-1.2647364193643853,1.0,2.142857142857143,-1.0,-1.0,-1.3691170772138035,-4.829220759790686,-0.8924914674164736,-0.48788198072420297,316.69511000000006,38.88
0.08211143695014662,-0.591304347826087,0.4469963738050063,0.10960363123589249,-0.7254836569216033,-0.7502726282061482,-0.7836871978137483,0.0,-0.023809523809523725,-0.7050245861908482,0.0,0.0,0.0,0.0,-0.37028393739648463,0.5636363650062204,-0.02372070337487995,-0.3097997854732492,364.15411577067,34.31
-0.6099706744868035,0.4405797101449275,0.13346859824286658,-0.06219667578722839,-0.16677785101185943,-0.16575790628484866,-0.17994534370401521,0.0,0.04761904761904766,-0.16724642899502984,0.0,0.0,0.0,0.0,-0.0369506039595861,0.1636363433611781,0.05155185388316544,0.1812434148485261,431.9627045606,60.18
0.0,-0.6260869565217392,0.522229446857712,0.0,-0.8005336899936845,-0.8287895308135552,-0.8652512087450074,0.0,-0.047619047619047554,-0.7808935146854586,1.0,1.0,0.0,0.0,-0.37028393567948165,0.563636385370489,-0.04621315026437009,-0.4678609061320062,377.63253331795005,41.4502
-0.6099706744868035,0.4405797101449275,0.13346859824286658,-0.06219667578722839,0.5003335553704694,0.5321701200812469,0.5406768972041203,0.0,0.04761904761904766,0.4530963068284765,0.0,0.0,0.0,0.0,0.6297160640179987,-0.4363636320789112,0.05155185388316544,1.0242360366548424,494.59470442625,47.28
2.0527859237536656,-1.8782608695652174,2.036407107471788,-13.510355172417745,-0.8181095085511068,-1.5492324469540806,-0.9417700231238179,6.0,-0.9047619047619047,-1.4996117456234606,1.0,1.5714285714285714,-1.0,-1.0,-1.6055710163666763,-9.481693278601508,-0.8924914674164736,-0.4878819798812001,316.8156428982,45.65
0.3284457478005865,-0.48695652173913045,0.13346859824286658,-0.06219667578722839,0.16677785101185943,0.1832061072035431,0.17994534370401521,0.0,0.04761904761904766,0.14292494018346782,0.0,0.0,0.0,0.0,0.29638273139054505,-0.1636363433611781,0.05155185388316544,0.6027397248033179,453.4387044442,27.77
-1.5483870967741935,2.2956521739130435,-3.9454087259648944,1.2320015509649689,1.0833889266733747,-0.9928026172508091,1.0712634013033429,-4.0,-0.9047619047619047,4.162055308693324,0.0,-0.02857142857142857,0.0,-1.0,3.2410903711429397,45.31279690564762,-0.8924914674164736,-7.728134873933669,426.03407,12.9032
-0.7859237536656891,0.26666666666666666,0.4469963738050063,0.10960363123589249,0.2001334230821434,0.2181025084302445,0.21610258566323318,0.0,-0.023809523809523725,0.15570095998594793,0.0,0.0,0.0,0.0,0.6297160648274436,-0.4363636355117569,-0.02372070337487995,0.8598524805944057,460.15801592297004,46.84
0.656891495601173,-0.34782608695652173,-0.4655677497872546,0.19878520004749917,0.9006004015347562,0.9509269360230423,0.9728820685305867,0.0,0.142857142857143,0.8496234376408408,0.0,0.0,0.0,0.0,0.6297160647605471,-0.4363636352280588,0.15982241588332552,0.9483667018239798,529.47546607871,22.4
0.656891495601173,-0.34782608695652173,-0.4655677497872546,0.19878520004749917,0.16677785101185943,0.1832061072035431,0.17994534370401521,0.0,0.142857142857143,0.16724642899502984,0.0,0.0,0.0,0.0,-0.03695060247449002,0.16363638271981096,0.15982241588332552,0.02107481473903605,460.58026594436,38.66
-0.31671554252199413,0.7304347826086957,-0.4452002131180637,-0.8012147999525008,1.0006671130758287,1.0556161397031474,1.0813537944082405,0.0,0.1666666666666667,0.9487552190771876,0.0,0.0,0.0,0.0,0.6297160637154792,-0.4363636489110052,0.18585904804744396,0.9926238147570247,551.7724462534501,47.64
-0.6099706744868035,0.4405797101449275,0.13346859824286658,-0.06219667578722839,-0.5003335553704694,-0.5147219191625528,-0.5406768972041203,0.0,0.04761904761904766,-0.4774177956400392,0.0,0.0,0.0,0.0,-0.3702839365870404,0.5636363600822426,0.05155185388316544,-0.24025289700299826,400.64670457855,56.36
-0.844574780058651,0.20869565217391303,0.522229446857712,0.0,-0.8005336899936845,-0.8287895308135552,-0.8652512087450074,0.0,-0.047619047619047554,-0.7808935146854586,0.0,0.0,0.0,0.0,-0.37028393567948165,0.563636385370489,-0.04621315026437009,-0.4678609061320062,364.03020001795,55.4079
0.21114369501466276,0.20869565217391303,-0.4448904783086974,-0.8034792723684562,-0.12508339001006258,-0.1221374042934558,-0.13537944082404874,0.0,0.1666666666666667,-0.09807314556652062,1.0,1.0,0.0,0.0,-0.37028393628452083,0.5636363828892238,0.18585904804744396,-0.42992623871658925,463.0042832418,56.732
-0.6099706744868035,0.4405797101449275,0.13346859824286658,-0.06219667578722839,0.16677785101185943,0.1832061072035431,0.17994534370401521,0.0,0.04761904761904766,0.14292494018346782,0.0,0.0,0.0,0.0,0.29638273139054505,-0.1636363433611781,0.05155185388316544,0.6027397248033179,463.2787044442,48.14
-1.5483870967741935,2.2956521739130435,-4.017047238940184,0.46423246847954974,1.0833889266733747,-0.986695747020869,1.0712634013033429,2.0,-0.9047619047619047,4.169554434410221,0.0,-0.02857142857142857,0.0,-1.0,3.247806305289399,45.365833192408616,-0.8924914674164736,-8.183350890505713,445.94552000000004,47.7477
-1.5483870967741935,2.2956521739130435,-3.9242428016767406,1.4641177852047438,0.4996664446295306,0.5339149402341851,0.4532268236283373,-4.0,-0.9047619047619047,4.058815655665075,0.0,-0.02857142857142857,0.0,-1.0,3.1486328317955756,44.03935941051626,-0.8924914674164736,-7.591148572650425,427.29118,26.4399
0.0,-0.6260869565217392,0.522229446857712,0.0,-0.5003335553704694,-0.5147219191625528,-0.5406768972041203,0.0,-0.047619047619047554,-0.5017392844516017,1.0,1.0,0.0,0.0,-0.03695060274950777,0.16363636167820092,-0.04621315026437009,-0.08851422481231228,405.81693337615,42.5076
0.7390029325513197,-0.3130434782608696,-0.4448904783086974,-0.8034792723684562,0.2501667776852347,0.2704471105756408,0.2699180155560228,0.0,0.1666666666666667,0.2508696434925451,1.0,1.0,0.0,0.0,-0.03695060214446861,0.1636363804637906,0.18585904804744396,0.04425711251153389,492.69978331795,44.3791
0.24633431085043989,-0.5217391304347826,0.25166392250458275,0.08546555454898189,0.40026684382939703,0.4274809164011418,0.43220517132646635,0.0,0.02380952380952383,0.35396452539212975,0.0,0.0,0.0,0.0,0.6297160652048065,-0.4363636162101383,0.025052392232649243,1.0368809257933178,473.5696563432,25.4
0.0,0.06956521739130435,-0.12797297183106993,-0.4957654589010292,0.3502334892263064,0.37513631425574595,0.37838974143367676,0.0,0.09523809523809532,0.32567993611732987,0.0,0.0,0.0,0.0,0.2963827306126375,-0.1636363620438834,0.1075085325835265,0.4425711272228174,479.32823298150004,44.67
2.0527859237536656,-1.8782608695652174,2.036407107471788,-13.510355172417745,-1.0098398939358502,-1.047764449320269,-1.1452596174059284,8.0,-0.9047619047619047,-1.6109122767822919,1.0,0.42857142857142855,-1.0,-1.0,-1.7176196058949085,-11.686363590717106,-0.8924914674164736,-0.48788198072420297,304.36167,40.73
0.49266862170087977,-0.41739130434782606,-0.49373491897366756,2.1783215828655935,0.3502334892263064,0.37513631425574595,0.37838974143367676,0.0,0.09523809523809532,0.32567993611732987,1.0,1.0,0.0,0.0,0.2963827306126375,-0.1636363620438834,0.1075085325835265,0.4425711272228174,496.61607330000004,31.0894
-1.5483870967741935,2.2956521739130435,-3.9991376106963616,0.6546868145224457,0.8569046036403627,-0.3943293347166914,0.8316165650620141,0.0,-0.9047619047619047,4.140918414823024,0.0,-0.02857142857142857,0.0,-1.0,3.2221609662159443,45.012761556940504,-0.8924914674164736,-8.069546886362701,442.75352,43.6449
0.49266862170087977,-0.41739130434782606,-0.49373491897366756,2.1783215828655935,0.3502334892263064,0.37513631425574595,0.37838974143367676,0.0,0.09523809523809532,0.32567993611732987,0.0,0.0,0.0,0.0,0.2963827306126375,-0.1636363620438834,0.1075085325835265,0.4425711272228174,474.15774000000005,26.2011
-0.6686217008797654,0.3826086956521739,0.25166392250458275,0.08546555454898189,-0.2501667776852347,-0.2529989096569464,-0.2699180155560228,0.0,0.02380952380952383,-0.2508696434925451,0.0,0.0,0.0,0.0,-0.03695060437845903,0.16363634495506976,0.025052392232649243,0.2149631191475391,422.09745638345,60.08
-0.21114369501466276,-0.06956521739130435,0.25166392250458275,0.08546555454898189,-0.2501667776852347,-0.2529989096569464,-0.2699180155560228,0.0,0.02380952380952383,-0.2508696434925451,0.0,0.0,0.0,0.0,-0.03695060437845903,0.16363634495506976,0.025052392232649243,0.2149631191475391,417.30045638344995,48.75
-0.5513196480938416,0.4985507246376812,0.0,-0.28865028570026563,-0.08338892667337461,-0.07851690291275049,-0.08997267185200761,0.0,0.07142857142857138,-0.08362321449751456,0.0,0.0,0.0,0.0,-0.036950603561145316,0.16363636599659653,0.07962749169133294,0.08008429857950437,441.7800849119501,60.28
0.21114369501466276,0.20869565217391303,-0.4448904783086974,-0.8034792723684562,0.2501667776852347,0.2704471105756408,0.2699180155560228,0.0,0.1666666666666667,0.2508696434925451,0.0,0.0,0.0,0.0,-0.03695060214446861,0.1636363804637906,0.18585904804744396,0.04425711251153389,475.77645001794997,50.7843
-0.844574780058651,0.20869565217391303,0.5225924994444352,-0.002654266993628097,-0.5003335553704694,-0.5147219191625528,-0.5406768972041203,0.0,-0.047619047619047554,-0.5017392844516017,0.0,0.0,0.0,0.0,-0.03695060274950777,0.16363636167820092,-0.04621315034044671,-0.0885142205973554,392.21460453787,59.79
0.0,0.06956521739130435,-0.49373491897366756,2.1783215828655935,0.0,0.00872410045934723,0.0,0.0,0.09523809523809532,0.0,0.0,0.0,0.0,0.0,-0.03695060318167851,0.16363636397760326,0.1075085325835265,0.0,446.44194,51.4246
0.0,-0.6260869565217392,0.522229446857712,0.0,0.1000667115410717,0.11341330413945233,0.10847172587765393,0.0,-0.047619047619047554,0.0565691760161129,1.0,1.0,0.0,0.0,0.6297160631104406,-0.4363636508737935,-0.04621315026437009,0.6701791357195875,462.18573338205,28.5498
-1.5483870967741935,2.2956521739130435,-4.036585015206173,0.26187472580897697,1.0833889266733747,-0.986695747020869,1.0712634013033429,4.0,-0.9047619047619047,4.151921355021838,0.0,-0.02857142857142857,0.0,-1.0,3.232014784458536,45.14842378049513,-0.8924914674164736,-8.305584820881542,452.5537,49.2549
-0.31671554252199413,0.7304347826086957,-0.4452002131180637,-0.8012147999525008,-0.12508339001006258,-0.1221374042934558,-0.13537944082404874,0.0,0.1666666666666667,-0.09807314556652062,0.0,0.0,0.0,0.0,-0.37028393628452083,0.5636363828892238,0.18585904804744396,-0.42992623871658925,446.08094613705,48.91
-0.4222873900293255,-0.20869565217391303,0.5225924994444352,-0.002654266993628097,-0.2001334230821434,-0.20065430751155006,-0.21610258566323318,0.0,-0.047619047619047554,-0.22258505421774452,0.0,0.0,0.0,0.0,0.2963827301804661,-0.16363636000310752,-0.04621315034044671,0.29083245861485046,415.9710043855701,46.87
-0.7859237536656891,0.26666666666666666,0.4469963738050063,0.10960363123589249,-0.10840560280747502,-0.10468920398544886,-0.11688038679840242,0.0,-0.023809523809523725,-0.13120755625081387,0.0,0.0,0.0,0.0,0.29638272977165603,-0.1636363822414103,-0.02372070337487995,0.46996839253743156,431.19071590502006,50.73
-1.5483870967741935,2.2956521739130435,-4.066705753616237,-0.06546868145224592,0.4996664446295306,0.5339149402341851,0.4532268236283373,4.0,-0.9047619047619047,4.039763822762685,0.0,-0.02857142857142857,0.0,-1.0,3.131570728828897,43.80435941141473,-0.8924914674164736,-8.501580605794503,468.68383000000006,57.9035
-1.5483870967741935,2.2956521739130435,-4.00727835080719,0.5654113398148395,0.2334889928175376,1.2300981464473428,0.17153668278326673,0.0,-0.9047619047619047,4.038633886928315,0.0,-0.02857142857142857,0.0,-1.0,3.1305588009135863,43.790421911468016,-0.8924914674164736,-8.124341406876004,451.95415,49.8769
0.656891495601173,-0.34782608695652173,-0.4655677497872546,0.19878520004749917,-0.2001334230821434,-0.20065430751155006,-0.21610258566323318,0.0,0.142857142857143,-0.1739420765946198,0.0,0.0,0.0,0.0,-0.37028393732958875,0.5636363645992792,0.15982241588332552,-0.44257112785506475,426.13266592641,34.89
-0.7272727272727273,0.32463768115942027,0.3566072615694854,0.13955877882078063,0.30020013462321576,0.32279171211035007,0.3245743115408871,0.0,0.0,0.25483274142229473,0.0,0.0,0.0,0.0,0.629716063588103,-0.4363636517077847,0.0,0.9820864153959286,471.6847655766401,46.98
-0.31671554252199413,0.7304347826086957,-0.4452002131180637,-0.8012147999525008,0.6254169453805313,0.6630316248340504,0.676056338028169,0.0,0.1666666666666667,0.5998124300181226,0.0,0.0,0.0,0.0,0.29638272957542755,-0.1636363770181052,0.18585904804744396,0.5184404635289015,516.5419461773,48.45
-0.6686217008797654,0.3826086956521739,0.25166392250458275,0.08546555454898189,0.40026684382939703,0.4274809164011418,0.43220517132646635,0.0,0.02380952380952383,0.35396452539212975,0.0,0.0,0.0,0.0,0.6297160652048065,-0.4363636162101383,0.025052392232649243,1.0368809257933178,483.1636563432,47.13
-1.5483870967741935,2.2956521739130435,-3.9722731683306276,0.9403683335867831,1.0833889266733747,-0.9928026172508091,1.0712634013033429,-2.0,-0.9047619047619047,3.924211416023584,0.0,-0.02857142857142857,0.0,-1.0,3.028086351659983,42.37904691686403,-0.8924914674164736,-7.900948361706394,432.59108000000003,26.2869
-1.5483870967741935,2.2956521739130435,-4.05612279147216,0.04761358651072062,0.7004669784526129,0.00872410045934723,0.6659659449232712,4.0,-0.9047619047619047,4.076129515512807,0.0,-0.02857142857142857,0.0,-1.0,3.16413847164588,44.25292190969977,-0.8924914674164736,-8.434141195931982,463.06252000000006,57.597
0.49266862170087977,-0.41739130434782606,-0.49373491897366756,2.1783215828655935,0.0,0.00872410045934723,0.0,0.0,0.09523809523809532,0.0,0.0,0.0,0.0,0.0,-0.03695060318167851,0.16363636397760326,0.1075085325835265,0.0,441.27594000000005,38.1285
-0.375366568914956,0.672463768115942,-0.4655677497872546,0.19878520004749917,0.5336891274407534,0.5670665213079492,0.5768341391633383,0.0,0.142857142857143,0.5084349320511912,0.0,0.0,0.0,0.0,0.2963827299054484,-0.16363637902817232,0.15982241588332552,0.48472075922987895,505.8518660607601,47.71
-0.4222873900293255,-0.20869565217391303,0.522229446857712,0.0,-0.5003335553704694,-0.5147219191625528,-0.5406768972041203,0.0,-0.047619047619047554,-0.5017392844516017,0.0,0.0,0.0,0.0,-0.03695060274950777,0.16363636167820092,-0.04621315026437009,-0.08851422481231228,387.78660007615,48.006
-1.5483870967741935,2.2956521739130435,-3.8753983610117704,1.9878672368226975,0.4996664446295306,0.5339149402341851,0.4532268236283373,-6.0,-0.9047619047619047,4.015442333951122,0.0,-0.02857142857142857,0.0,-1.0,3.1097893207863283,43.5043594125617,-0.8924914674164736,-7.279241302036246,417.00278000000003,11.4552
-0.4222873900293255,-0.20869565217391303,0.5225924994444352,-0.002654266993628097,0.1000667115410717,0.11341330413945233,0.10847172587765393,0.0,-0.047619047619047554,0.0565691760161129,0.0,0.0,0.0,0.0,0.6297160631104406,-0.4363636508737935,-0.04621315034044671,0.6701791399345444,444.15540444377007,43.38
-1.5483870967741935,2.2956521739130435,-4.00157983272961,0.6308800212670854,0.7004669784526129,0.00872410045934723,0.6659659449232712,0.0,-0.9047619047619047,4.114131841780873,0.0,-0.02857142857142857,0.0,-1.0,3.1981719217123934,44.72167190790762,-0.8924914674164736,-8.086406738828336,444.92504,44.8013
-0.49266862170087977,0.5565217391304348,-0.49373491897366756,2.1783215828655935,0.0,0.00872410045934723,0.0,0.0,0.09523809523809532,0.0,0.0,0.0,0.0,0.0,-0.03695060318167851,0.16363636397760326,0.1075085325835265,0.0,451.60794,60.419
2.0527859237536656,-1.8782608695652174,2.036407107471788,-13.510355172417745,-1.0098398939358502,-1.047764449320269,-1.1452596174059284,8.0,-0.9047619047619047,-1.6109122767822919,1.0,1.0,-1.0,-1.0,-1.7176196058949085,-11.686363590717106,-0.8924914674164736,-0.48788198072420297,317.19500330000005,41.93
0.5747800586510264,-0.3826086956521739,-0.47777055314228795,1.2521750704676602,0.8005336899936845,0.8462377317322497,0.8652512087450074,0.0,0.11904761904761904,0.7504916536710058,0.0,0.0,0.0,0.0,0.6297160633215007,-0.4363636480826928,0.13299872866195778,0.9441517382860839,518.27689608665,23.62
0.656891495601173,-0.34782608695652173,-0.4655677497872546,0.19878520004749917,0.5336891274407534,0.5670665213079492,0.5768341391633383,0.0,0.142857142857143,0.5084349320511912,0.0,0.0,0.0,0.0,0.2963827299054484,-0.16363637902817232,0.15982241588332552,0.48472075922987895,495.02786606076,25.88
-0.4222873900293255,-0.20869565217391303,0.5225924994444352,-0.002654266993628097,-0.8005336899936845,-0.8287895308135552,-0.8652512087450074,0.0,-0.047619047619047554,-0.7808935146854586,0.0,0.0,0.0,0.0,-0.37028393567948165,0.563636385370489,-0.04621315034044671,-0.4678609019170493,359.60220447967,42.32
0.49266862170087977,-0.41739130434782606,-0.49373491897366756,2.1783215828655935,0.7004669784526129,0.7415485280521447,0.7567794828673535,0.0,0.09523809523809532,0.6513598722346591,1.0,1.0,0.0,0.0,0.6297160644069528,-0.4363636337284584,0.1075085325835265,0.8851422544456348,529.4978733,26.7877
-0.4222873900293255,-0.20869565217391303,-0.436749738197869,-0.23806793255361663,-0.8605737173853057,1.5267175577903378,-0.9299978978347702,0.0,-0.047619047619047554,-0.1545066000745991,1.0,1.0,0.0,0.0,0.3776740579215669,0.8542207978859443,0.0028009719558517204,-2.276080083703197,446.5819332418,51.53
-1.5483870967741935,2.2956521739130435,-4.004022054762859,0.6070732280117251,0.4996664446295306,0.5339149402341851,0.4532268236283373,0.0,-0.9047619047619047,4.082225088646205,0.0,-0.02857142857142857,0.0,-1.0,3.169597437036549,44.32810940941231,-0.8924914674164736,-8.101159109735764,447.94866,47.3402
0.07038123167155426,0.11594202898550725,-0.47777055314228795,1.2521750704676602,0.08338892667337461,0.09596510383144495,0.08997267185200761,0.0,0.11904761904761904,0.08362321449751528,0.0,0.0,0.0,0.0,-0.0369506028198611,0.1636363620525265,0.13299872866195778,0.03793466867991167,456.23649618075,51.04
2.0527859237536656,-1.8782608695652174,2.036407107471788,-13.510355172417745,-1.7219813220293398,-1.7928026173729463,-1.8986756359049823,6.0,-0.9047619047619047,-2.092313078504068,1.0,1.5714285714285714,-1.0,-1.0,-2.2022559348420696,-9.972077882985499,-0.8924914674164736,-1.3877766060772612,251.0199167,42.37
-1.5483870967741935,2.2956521739130435,-3.8574887327679486,2.1783215828655935,0.2334889928175376,1.2300981464473428,0.17153668278326673,-6.0,-0.9047619047619047,3.9600957459743107,0.0,-0.02857142857142857,0.0,-1.0,3.060223004109457,42.82167191517177,-0.8924914674164736,-7.1654372978932335,415.86594,12.4762
2.0527859237536656,-1.8782608695652174,2.036407107471788,-13.510355172417745,-1.0098398939358502,-1.047764449320269,-1.1452596174059284,6.0,-0.9047619047619047,-1.524368312427815,1.0,1.5714285714285714,-1.0,-1.0,-1.6304939737246318,-9.97207788298549,-0.8924914674164736,-0.48788198072420297,323.48669670000004,46.23
0.41055718475073316,-0.45217391304347826,0.0,-0.28865028570026563,-0.08338892667337461,-0.07851690291275049,-0.08997267185200761,0.0,0.07142857142857138,-0.08362321449751456,0.0,0.0,0.0,0.0,-0.036950603561145316,0.16363636599659653,0.07962749169133294,0.08008429857950437,431.69408491195003,37.85
3.2609970674486806,-1.8782608695652174,0.7355168377614155,-15.474415615985082,-0.7004669784526129,1.2300981464473428,-0.8139583771284424,0.0,-0.9047619047619047,-0.42202850064896724,1.0,1.8571428571428572,0.0,-1.0,-1.1253194208731805,-3.6075779073184604,-0.8924914674164736,-1.3150684923192306,396.3559333,42.8
-0.49266862170087977,0.5565217391304348,-0.49373491897366756,2.1783215828655935,0.7004669784526129,0.7415485280521447,0.7567794828673535,0.0,0.09523809523809532,0.6513598722346591,0.0,0.0,0.0,0.0,0.6297160644069528,-0.4363636337284584,0.1075085325835265,0.8851422544456348,517.37154,47.514
-0.4222873900293255,-0.20869565217391303,0.522229446857712,0.0,0.1000667115410717,0.11341330413945233,0.10847172587765393,0.0,-0.047619047619047554,0.0565691760161129,1.0,1.0,0.0,0.0,0.6297160631104406,-0.4363636508737935,-0.04621315026437009,0.6701791357195875,466.61373338205,51.1782
1.5366568914956011,-1.8782608695652174,1.3135093856302296,-13.569872155556148,-0.7004669784526129,1.2300981464473428,-0.8139583771284424,0.0,-0.9047619047619047,-0.42202850064896724,1.0,1.8571428571428572,0.0,-1.0,-0.16335548284684864,-3.6075779073184604,-0.8924914674164736,-2.2423603779289434,395.39873329999995,29.62
0.16422287390029325,-0.5565217391304348,0.3566072615694854,0.13955877882078063,-0.6504336238495219,-0.6717557249880538,-0.7029640529745639,0.0,0.0,-0.629155655162749,0.0,0.0,0.0,0.0,-0.370283936157144,0.5636363866546618,0.0,-0.21917807446627666,373.08616546024,34.79
0.21114369501466276,0.20869565217391303,-0.4448904783086974,-0.8034792723684562,0.6254169453805313,0.6630316248340504,0.676056338028169,0.0,0.1666666666666667,0.5998124300181226,0.0,0.0,0.0,0.0,0.29638272957542755,-0.1636363770181052,0.18585904804744396,0.5184404635289015,511.0069499820499,41.8627
0.07038123167155426,0.11594202898550725,-0.47777055314228795,1.2521750704676602,0.8005336899936845,0.8462377317322497,0.8652512087450074,0.0,0.11904761904761904,0.7504916536710058,0.0,0.0,0.0,0.0,0.6297160633215007,-0.4363636480826928,0.13299872866195778,0.9441517382860839,523.56589608665,46.27
-0.49266862170087977,0.5565217391304348,-0.49373491897366756,2.1783215828655935,0.0,0.00872410045934723,0.0,0.0,0.09523809523809532,0.0,1.0,1.0,0.0,0.0,-0.03695060318167851,0.16363636397760326,0.1075085325835265,0.0,474.0662733,63.5475
0.08211143695014662,-0.591304347826087,0.4469963738050063,0.10960363123589249,0.2001334230821434,0.2181025084302445,0.21610258566323318,0.0,-0.023809523809523725,0.15570095998594793,0.0,0.0,0.0,0.0,0.6297160648274436,-0.4363636355117569,-0.02372070337487995,0.8598524805944057,451.05601592297006,25.6
0.14076246334310852,0.16231884057971013,-0.4655677497872546,0.19878520004749917,0.5336891274407534,0.5670665213079492,0.5768341391633383,0.0,0.142857142857143,0.5084349320511912,0.0,0.0,0.0,0.0,0.2963827299054484,-0.16363637902817232,0.15982241588332552,0.48472075922987895,500.43986606076004,42.91
-0.49266862170087977,0.5565217391304348,-0.12797297183106993,-0.4957654589010292,-0.3502334892263064,-0.35768811333705147,-0.37838974143367676,0.0,0.09523809523809532,-0.32567993611732915,0.0,0.0,0.0,0.0,-0.3702839369759939,0.5636363624483166,0.1075085325835265,-0.4425711272228174,418.7306329815,56.86
-0.49266862170087977,0.5565217391304348,-0.12797297183106993,-0.4957654589010292,0.3502334892263064,0.37513631425574595,0.37838974143367676,0.0,0.09523809523809532,0.32567993611732987,0.0,0.0,0.0,0.0,0.2963827306126375,-0.1636363620438834,0.1075085325835265,0.4425711272228174,484.4942329815,46.48
2.0527859237536656,-1.8782608695652174,2.036407107471788,-13.510355172417745,-1.0098398939358502,-1.047764449320269,-1.1452596174059284,6.0,-0.9047619047619047,-1.524368312427815,1.0,1.0,-1.0,-1.0,-1.6304939737246318,-9.97207788298549,-0.8924914674164736,-0.48788198072420297,310.6533633,43.54
-0.31671554252199413,0.7304347826086957,-0.4448904783086974,-0.8034792723684562,0.6254169453805313,0.6630316248340504,0.676056338028169,0.0,0.1666666666666667,0.5998124300181226,1.0,1.0,0.0,0.0,0.29638272957542755,-0.1636363770181052,0.18585904804744396,0.5184404635289015,539.0002833820499,54.2157
0.0,-0.6260869565217392,0.5225924994444352,-0.002654266993628097,-0.8005336899936845,-0.8287895308135552,-0.8652512087450074,0.0,-0.047619047619047554,-0.7808935146854586,0.0,0.0,0.0,0.0,-0.37028393567948165,0.563636385370489,-0.04621315034044671,-0.4678609019170493,355.17420447967,33.83
-0.375366568914956,0.672463768115942,-0.4655677497872546,0.19878520004749917,-0.2001334230821434,-0.20065430751155006,-0.21610258566323318,0.0,0.142857142857143,-0.1739420765946198,0.0,0.0,0.0,0.0,-0.37028393732958875,0.5636363645992792,0.15982241588332552,-0.44257112785506475,436.9566659264101,51.9
-0.4222873900293255,-0.20869565217391303,0.5225924994444352,-0.002654266993628097,-0.5003335553704694,-0.5147219191625528,-0.5406768972041203,0.0,-0.047619047619047554,-0.5017392844516017,0.0,0.0,0.0,0.0,-0.03695060274950777,0.16363636167820092,-0.04621315034044671,-0.0885142205973554,387.78660453787,47.92
0.0,-0.6260869565217392,0.522229446857712,0.0,-0.8005336899936845,-0.8287895308135552,-0.8652512087450074,0.0,-0.047619047619047554,-0.7808935146854586,0.0,0.0,0.0,0.0,-0.37028393567948165,0.563636385370489,-0.04621315026437009,-0.4678609061320062,355.17420001795,33.8369
2.0527859237536656,-1.8782608695652174,2.036407107471788,-13.510355172417745,-1.0098398939358502,-1.047764449320269,-1.1452596174059284,2.0,-0.9047619047619047,-1.3512803837188618,1.0,1.5714285714285714,-1.0,-1.0,-1.4562427093840795,-6.543506467522293,-0.8924914674164736,-0.48788198072420297,310.40341670000004,42.11
-0.4340175953079179,0.6144927536231884,-0.47777055314228795,1.2521750704676602,0.08338892667337461,0.09596510383144495,0.08997267185200761,0.0,0.11904761904761904,0.08362321449751528,0.0,0.0,0.0,0.0,-0.0369506028198611,0.1636363620525265,0.13299872866195778,0.03793466867991167,461.52549618074994,59.75
0.21114369501466276,0.20869565217391303,-0.4452002131180637,-0.8012147999525008,0.6254169453805313,0.6630316248340504,0.676056338028169,0.0,0.1666666666666667,0.5998124300181226,0.0,0.0,0.0,0.0,0.29638272957542755,-0.1636363770181052,0.18585904804744396,0.5184404635289015,511.0069461772999,41.85
-0.07038123167155426,0.02318840579710145,0.0,-0.28865028570026563,0.2585056712865278,0.27917121072964474,0.27916754256884596,0.0,0.07142857142857138,0.2343024381503985,0.0,0.0,0.0,0.0,0.29638273099210427,-0.1636363638357917,0.07962749169133294,0.512118019275797,468.83598506425005,45.02
-0.31671554252199413,0.7304347826086957,-0.4448904783086974,-0.8034792723684562,0.2501667776852347,0.2704471105756408,0.2699180155560228,0.0,0.1666666666666667,0.2508696434925451,0.0,0.0,0.0,0.0,-0.03695060214446861,0.1636363804637906,0.18585904804744396,0.04425711251153389,481.31145001795,58.3333
-0.49266862170087977,0.5565217391304348,-0.49373491897366756,2.1783215828655935,0.3502334892263064,0.37513631425574595,0.37838974143367676,0.0,0.09523809523809532,0.32567993611732987,1.0,1.0,0.0,0.0,0.2963827306126375,-0.1636363620438834,0.1075085325835265,0.4425711272228174,506.94807330000003,52.0112
-0.31671554252199413,0.7304347826086957,-0.4452002131180637,-0.8012147999525008,0.2501667776852347,0.2704471105756408,0.2699180155560228,0.0,0.1666666666666667,0.2508696434925451,0.0,0.0,0.0,0.0,-0.03695060214446861,0.1636363804637906,0.18585904804744396,0.04425711251153389,481.3114462132,58.53
-0.31671554252199413,0.7304347826086957,-0.4448904783086974,-0.8034792723684562,1.0006671130758287,1.0556161397031474,1.0813537944082405,0.0,0.1666666666666667,0.9487552190771876,0.0,0.0,0.0,0.0,0.6297160637154792,-0.4363636489110052,0.18585904804744396,0.9926238147570247,551.7724500582001,47.5817
-0.844574780058651,0.20869565217391303,0.5225924994444352,-0.002654266993628097,-0.2001334230821434,-0.20065430751155006,-0.21610258566323318,0.0,-0.047619047619047554,-0.22258505421774452,0.0,0.0,0.0,0.0,0.2963827301804661,-0.16363636000310752,-0.04621315034044671,0.29083245861485046,420.3990043855701,51.61
0.41055718475073316,-0.45217391304347826,0.0,-0.28865028570026563,0.6004002669115411,0.6368593243720395,0.6483077569896996,0.0,0.07142857142857138,0.5522280907983123,0.0,0.0,0.0,0.0,0.6297160655453539,-0.4363636186740091,0.07962749169133294,0.9441517378646016,495.89188500604996,25.2
-0.14076246334310852,-0.02318840579710145,0.13346859824286658,-0.06219667578722839,0.16677785101185943,0.1832061072035431,0.17994534370401521,0.0,0.04761904761904766,0.14292494018346782,0.0,0.0,0.0,0.0,0.29638273139054505,-0.1636363433611781,0.05155185388316544,0.6027397248033179,458.35870444420004,45.38
0.14076246334310852,0.16231884057971013,-0.4655677497872546,0.19878520004749917,0.16677785101185943,0.1832061072035431,0.17994534370401521,0.0,0.142857142857143,0.16724642899502984,0.0,0.0,0.0,0.0,-0.03695060247449002,0.16363638271981096,0.15982241588332552,0.02107481473903605,465.99226594436004,50.89
-1.5483870967741935,2.2956521739130435,-4.080545011804645,-0.21426113929825633,0.2334889928175376,1.2300981464473428,0.17153668278326673,4.0,-0.9047619047619047,3.9879641185708934,0.0,-0.02857142857142857,0.0,-1.0,3.0851808674915677,43.165421913857536,-0.8924914674164736,-8.590094831239067,476.13596,59.1157
0.0,-0.6260869565217392,0.522229446857712,0.0,0.1000667115410717,0.11341330413945233,0.10847172587765393,0.0,-0.047619047619047554,0.0565691760161129,0.0,0.0,0.0,0.0,0.6297160631104406,-0.4363636508737935,-0.04621315026437009,0.6701791357195875,439.72739998205,25.8006
-1.5483870967741935,2.2956521739130435,-3.9421524299205633,1.2736634391618478,0.9806537698336579,-0.7179934569035101,0.9627916754256889,-4.0,-0.9047619047619047,4.1473712098233415,0.0,-0.02857142857142857,0.0,-1.0,3.227939846037238,45.09232215638643,-0.8924914674164736,-7.702845095235226,426.4058,16.8676
0.0,-0.6260869565217392,0.5225924994444352,-0.002654266993628097,-0.2001334230821434,-0.20065430751155006,-0.21610258566323318,0.0,-0.047619047619047554,-0.22258505421774452,0.0,0.0,0.0,0.0,0.2963827301804661,-0.16363636000310752,-0.04621315034044671,0.29083245861485046,411.54300438557,31.11
0.5747800586510264,-0.3826086956521739,-0.47777055314228795,1.2521750704676602,0.441961307166085,0.4711014177818471,0.4776119402985075,0.0,0.11904761904761904,0.41705743408426055,0.0,0.0,0.0,0.0,0.29638273025082007,-0.1636363603353251,0.13299872866195778,0.4910432024292538,484.61219602845006,26.01
0.0,0.06956521739130435,-0.49373491897366756,2.1783215828655935,-0.3502334892263064,-0.35768811333705147,-0.37838974143367676,0.0,0.09523809523809532,-0.32567993611732915,0.0,0.0,0.0,0.0,-0.3702839369759939,0.5636363624483166,0.1075085325835265,-0.4425711272228174,413.56014,46.1453
-0.4222873900293255,-0.20869565217391303,0.522229446857712,0.0,-0.5003335553704694,-0.5147219191625528,-0.5406768972041203,0.0,-0.047619047619047554,-0.5017392844516017,1.0,1.0,0.0,0.0,-0.03695060274950777,0.16363636167820092,-0.04621315026437009,-0.08851422481231228,410.24493337615,57.3112
0.0,0.06956521739130435,-0.12797297183106993,-0.4957654589010292,-0.3502334892263064,-0.35768811333705147,-0.37838974143367676,0.0,0.09523809523809532,-0.32567993611732915,0.0,0.0,0.0,0.0,-0.3702839369759939,0.5636363624483166,0.1075085325835265,-0.4425711272228174,413.5646329815,46.08
0.49266862170087977,-0.41739130434782606,-0.12797297183106993,-0.4957654589010292,-0.3502334892263064,-0.35768811333705147,-0.37838974143367676,0.0,0.09523809523809532,-0.32567993611732915,0.0,0.0,0.0,0.0,-0.3702839369759939,0.5636363624483166,0.1075085325835265,-0.4425711272228174,408.39863298150004,36.69
-1.5483870967741935,2.2956521739130435,-3.888423545189096,1.8390747789766873,0.7004669784526129,0.00872410045934723,0.6659659449232712,-6.0,-0.9047619047619047,4.055861608169839,0.0,-0.02857142857142857,0.0,-1.0,3.1459872982770736,44.00292191065559,-0.8924914674164736,-7.365648045922604,417.86001000000005,11.0138
2.0527859237536656,-1.8782608695652174,2.036407107471788,-13.510355172417745,-1.0957879977290108,-0.8229684505073234,-1.2360731553500106,6.0,-0.9047619047619047,-1.5354660836315985,1.0,1.5714285714285714,-1.0,-1.0,-1.6416663337964492,-10.191905461381555,-0.8924914674164736,-0.4878819811456948,326.4771690259,45.57
0.7390029325513197,-0.3130434782608696,-0.4452002131180637,-0.8012147999525008,-0.12508339001006258,-0.1221374042934558,-0.13537944082404874,0.0,0.1666666666666667,-0.09807314556652062,0.0,0.0,0.0,0.0,-0.37028393628452083,0.5636363828892238,0.18585904804744396,-0.42992623871658925,435.01094613705,33.81
1.5366568914956011,-1.8782608695652174,1.3135093856302296,-13.569872155556148,-0.7004669784526129,1.2300981464473428,-0.8139583771284424,2.0,-0.9047619047619047,-0.5841717593927171,1.0,1.8571428571428572,0.0,-1.0,-0.34534113751061113,-6.007577898142698,-0.8924914674164736,-2.2423603779289434,407.6547333,31.39
-0.375366568914956,0.672463768115942,-0.4655677497872546,0.19878520004749917,0.9006004015347562,0.9509269360230423,0.9728820685305867,0.0,0.142857142857143,0.8496234376408408,0.0,0.0,0.0,0.0,0.6297160647605471,-0.4363636352280588,0.15982241588332552,0.9483667018239798,540.2994660787101,47.61
0.49266862170087977,-0.41739130434782606,-0.49373491897366756,2.1783215828655935,0.7004669784526129,0.7415485280521447,0.7567794828673535,0.0,0.09523809523809532,0.6513598722346591,0.0,0.0,0.0,0.0,0.6297160644069528,-0.4363636337284584,0.1075085325835265,0.8851422544456348,507.03954000000004,25.0279
0.7390029325513197,-0.3130434782608696,-0.4452002131180637,-0.8012147999525008,1.0006671130758287,1.0556161397031474,1.0813537944082405,0.0,0.1666666666666667,0.9487552190771876,0.0,0.0,0.0,0.0,0.6297160637154792,-0.4363636489110052,0.18585904804744396,0.9926238147570247,540.70244625345,20.76
2.0527859237536656,-1.8782608695652174,2.036407107471788,-13.510355172417745,-1.0098398939358502,-1.047764449320269,-1.1452596174059284,8.0,-0.9047619047619047,-1.6109122767822919,1.0,2.142857142857143,-1.0,-1.0,-1.7176196058949085,-11.686363590717106,-0.8924914674164736,-0.48788198072420297,342.86167,45.37
2.0527859237536656,-1.8782608695652174,2.036407107471788,-13.510355172417745,-1.0098398939358502,-1.047764449320269,-1.1452596174059284,2.0,-0.9047619047619047,-1.3512803837188618,1.0,1.0,-1.0,-1.0,-1.4562427093840795,-6.543506467522293,-0.8924914674164736,-0.48788198072420297,297.5700833,39.21
0.49266862170087977,-0.41739130434782606,-0.49373491897366756,2.1783215828655935,-0.3502334892263064,-0.35768811333705147,-0.37838974143367676,0.0,0.09523809523809532,-0.32567993611732915,1.0,1.0,0.0,0.0,-0.3702839369759939,0.5636363624483166,0.1075085325835265,-0.4425711272228174,430.8524733,40.4749
-0.844574780058651,0.20869565217391303,0.5225924994444352,-0.002654266993628097,-0.8005336899936845,-0.8287895308135552,-0.8652512087450074,0.0,-0.047619047619047554,-0.7808935146854586,0.0,0.0,0.0,0.0,-0.37028393567948165,0.563636385370489,-0.04621315034044671,-0.4678609019170493,364.03020447967003,55.37
-0.7272727272727273,0.32463768115942027,0.3566072615694854,0.13955877882078063,-0.3335557043586093,-0.340239912418357,-0.3607315535001051,0.0,0.0,-0.3344928554565714,0.0,0.0,0.0,0.0,-0.036950601953403675,0.16363638350072796,0.0,0.18124342222471024,412.1843655363901,59.98
-0.4340175953079179,0.6144927536231884,-0.47777055314228795,1.2521750704676602,0.441961307166085,0.4711014177818471,0.4776119402985075,0.0,0.11904761904761904,0.41705743408426055,0.0,0.0,0.0,0.0,0.29638273025082007,-0.1636363603353251,0.13299872866195778,0.4910432024292538,495.19019602845003,47.15
0.08211143695014662,-0.591304347826087,0.4469963738050063,0.10960363123589249,-0.4169446310319846,-0.4274809157904547,-0.4507042253521127,0.0,-0.023809523809523725,-0.4181160699540867,0.0,0.0,0.0,0.0,-0.03695060234069766,0.16363638626563293,-0.02372070337487995,0.08008430258372491,393.12141578862,36.52
0.0,-0.6260869565217392,0.522229446857712,0.0,-0.2001334230821434,-0.20065430751155006,-0.21610258566323318,0.0,-0.047619047619047554,-0.22258505421774452,1.0,1.0,0.0,0.0,0.2963827301804661,-0.16363636000310752,-0.04621315026437009,0.2908324543998936,434.00133332385,33.8369
2.0527859237536656,-1.8782608695652174,2.036407107471788,-13.510355172417745,-1.0098398939358502,-1.047764449320269,-1.1452596174059284,4.0,-0.9047619047619047,-1.4378243480733384,1.0,2.142857142857143,-1.0,-1.0,-1.5433683415543558,-8.257792175253892,-0.8924914674164736,-0.48788198072420297,329.77839000000006,44.89
2.0527859237536656,-1.8782608695652174,2.036407107471788,-13.510355172417745,-1.0098398939358502,-1.047764449320269,-1.1452596174059284,6.0,-0.9047619047619047,-1.524368312427815,1.0,1.0,1.0,-1.0,-1.6304939737246318,-9.97207788298549,-0.8924914674164736,-0.48788198072420297,310.6533633,47.58
2.0527859237536656,-1.8782608695652174,2.036407107471788,-13.510355172417745,-1.0098398939358502,-1.047764449320269,-1.1452596174059284,6.0,-0.9047619047619047,-1.524368312427815,1.0,1.0,1.0,-1.0,-1.6304939737246318,-9.97207788298549,-0.8924914674164736,-0.48788198072420297,310.6533633,47.58
-1.5483870967741935,2.2956521739130435,-3.914473913543747,1.5652966565400266,0.2334889928175376,1.2300981464473428,0.17153668278326673,-4.0,-0.9047619047619047,4.013299002749604,0.0,-0.02857142857142857,0.0,-1.0,3.107869834202577,43.47792191266278,-0.8924914674164736,-7.530031607462511,427.86347,25.9967
2.0527859237536656,-1.8782608695652174,2.036407107471788,-13.510355172417745,-0.6537691798891053,-0.6752453652939305,-0.7677107420643265,6.0,-0.9047619047619047,-1.2403959293896885,1.0,1.5714285714285714,-1.0,-1.0,-1.3446129931659134,-9.972077882985499,-0.8924914674164736,-0.03793466804766431,359.7200867,46.16
0.3284457478005865,-0.48695652173913045,0.13346859824286658,-0.06219667578722839,-0.5003335553704694,-0.5147219191625528,-0.5406768972041203,0.0,0.04761904761904766,-0.4774177956400392,0.0,0.0,0.0,0.0,-0.3702839365870404,0.5636363600822426,0.05155185388316544,-0.24025289700299826,390.80670457855,35.76
0.0,0.06956521739130435,-0.12797297183106993,-0.4957654589010292,0.0,0.00872410045934723,0.0,0.0,0.09523809523809532,0.0,0.0,0.0,0.0,0.0,-0.03695060318167851,0.16363636397760326,0.1075085325835265,0.0,446.4464329815,51.22
-0.7859237536656891,0.26666666666666666,0.4469963738050063,0.10960363123589249,-0.4169446310319846,-0.4274809157904547,-0.4507042253521127,0.0,-0.023809523809523725,-0.4181160699540867,0.0,0.0,0.0,0.0,-0.03695060234069766,0.16363638626563293,-0.02372070337487995,0.08008430258372491,402.22341578862,59.88
-1.5483870967741935,2.2956521739130435,-4.025187979051012,0.38090869208578526,0.8569046036403627,-0.3943293347166914,0.8316165650620141,2.0,-0.9047619047619047,4.128960349490673,0.0,-0.02857142857142857,0.0,-1.0,3.2114517739283475,44.86532299024056,-0.8924914674164736,-8.233930447902608,450.81786,52.4324
-1.5483870967741935,2.2956521739130435,-4.046353903339166,0.15474415615985218,0.2334889928175376,1.2300981464473428,0.17153668278326673,2.0,-0.9047619047619047,4.020899468003217,0.0,-0.02857142857142857,0.0,-1.0,3.1146765242158794,43.571671912304346,-0.8924914674164736,-8.370916749185861,464.03534,57.8378
0.0,-0.6260869565217392,0.522229446857712,0.0,-0.2001334230821434,-0.20065430751155006,-0.21610258566323318,0.0,-0.047619047619047554,-0.22258505421774452,0.0,0.0,0.0,0.0,0.2963827301804661,-0.16363636000310752,-0.04621315026437009,0.2908324543998936,411.54299992385,31.0876
-0.844574780058651,0.20869565217391303,0.522229446857712,0.0,-0.5003335553704694,-0.5147219191625528,-0.5406768972041203,0.0,-0.047619047619047554,-0.5017392844516017,0.0,0.0,0.0,0.0,-0.03695060274950777,0.16363636167820092,-0.04621315026437009,-0.08851422481231228,392.21460007615,59.6375
2.0527859237536656,-1.8782608695652174,2.036407107471788,-13.510355172417745,-1.0098398939358502,-1.047764449320269,-1.1452596174059284,0.0,-0.9047619047619047,-1.2647364193643853,1.0,1.5714285714285714,-1.0,-1.0,-1.3691170772138035,-4.829220759790686,-0.8924914674164736,-0.48788198072420297,303.86177670000006,38.17
-0.28152492668621704,-0.11594202898550725,0.3566072615694854,0.13955877882078063,-0.3335557043586093,-0.340239912418357,-0.3607315535001051,0.0,0.0,-0.3344928554565714,0.0,0.0,0.0,0.0,-0.036950601953403675,0.16363638350072796,0.0,0.18124342222471024,407.51036553639,47.91
0.0,-0.6260869565217392,0.5225924994444352,-0.002654266993628097,0.1000667115410717,0.11341330413945233,0.10847172587765393,0.0,-0.047619047619047554,0.0565691760161129,0.0,0.0,0.0,0.0,0.6297160631104406,-0.4363636508737935,-0.04621315034044671,0.6701791399345444,439.72740444377,25.71
2.4809384164222874,-1.8782608695652174,1.0372126662687144,-14.48048199757373,-0.7004669784526129,1.2300981464473428,-0.8139583771284424,0.0,-0.9047619047619047,-0.42202850064896724,1.0,1.8571428571428572,0.0,-1.0,-0.7657256685221447,-3.6075779073184604,-0.8924914674164736,-1.583561642834402,396.0301633,32.43
-0.6686217008797654,0.3826086956521739,0.25166392250458275,0.08546555454898189,-0.5753835884425506,-0.5932388223806471,-0.6214000420433048,0.0,0.02380952380952383,-0.553286726668138,0.0,0.0,0.0,0.0,-0.37028393777384755,0.5636363388626415,0.025052392232649243,-0.19599578406997253,391.56435645960005,56.11
-0.28152492668621704,-0.11594202898550725,0.3566072615694854,0.13955877882078063,-0.016677784867697096,-0.00872410045934723,-0.017658187933571653,0.0,0.0,-0.03983005828388248,0.0,0.0,0.0,0.0,0.2963827293843626,-0.16363637977651538,0.0,0.5816649187049416,437.26056550049003,46.12
0.49266862170087977,-0.41739130434782606,-0.49373491897366756,2.1783215828655935,-0.3502334892263064,-0.35768811333705147,-0.37838974143367676,0.0,0.09523809523809532,-0.32567993611732915,0.0,0.0,0.0,0.0,-0.3702839369759939,0.5636363624483166,0.1075085325835265,-0.4425711272228174,408.39414000000005,36.7598
-0.844574780058651,0.20869565217391303,0.522229446857712,0.0,-0.2001334230821434,-0.20065430751155006,-0.21610258566323318,0.0,-0.047619047619047554,-0.22258505421774452,1.0,1.0,0.0,0.0,0.2963827301804661,-0.16363636000310752,-0.04621315026437009,0.2908324543998936,442.85733332385007,53.5045
-0.49266862170087977,0.5565217391304348,-0.49373491897366756,2.1783215828655935,-0.3502334892263064,-0.35768811333705147,-0.37838974143367676,0.0,0.09523809523809532,-0.32567993611732915,0.0,0.0,0.0,0.0,-0.3702839369759939,0.5636363624483166,0.1075085325835265,-0.4425711272228174,418.72614,56.7039
0.21114369501466276,0.20869565217391303,-0.4448904783086974,-0.8034792723684562,-0.12508339001006258,-0.1221374042934558,-0.13537944082404874,0.0,0.1666666666666667,-0.09807314556652062,0.0,0.0,0.0,0.0,-0.37028393628452083,0.5636363828892238,0.18585904804744396,-0.42992623871658925,440.5459499418,45.7516
0.24633431085043989,-0.5217391304347826,0.25166392250458275,0.08546555454898189,-0.2501667776852347,-0.2529989096569464,-0.2699180155560228,0.0,0.02380952380952383,-0.2508696434925451,0.0,0.0,0.0,0.0,-0.03695060437845903,0.16363634495506976,0.025052392232649243,0.2149631191475391,412.50345638345004,37.18
-0.844574780058651,0.20869565217391303,0.522229446857712,0.0,0.1000667115410717,0.11341330413945233,0.10847172587765393,0.0,-0.047619047619047554,0.0565691760161129,1.0,1.0,0.0,0.0,0.6297160631104406,-0.4363636508737935,-0.04621315026437009,0.6701791357195875,471.04173338205,52.4471
0.7390029325513197,-0.3130434782608696,-0.4448904783086974,-0.8034792723684562,0.6254169453805313,0.6630316248340504,0.676056338028169,0.0,0.1666666666666667,0.5998124300181226,1.0,1.0,0.0,0.0,0.29638272957542755,-0.1636363770181052,0.18585904804744396,0.5184404635289015,527.93028338205,35.2288
2.0527859237536656,-1.8782608695652174,2.036407107471788,-13.510355172417745,-1.365910607982595,-1.4202835333466075,-1.5219676266554554,6.0,-0.9047619047619047,-1.8083406954659416,1.0,1.5714285714285714,-1.0,-1.0,-1.9163749542833508,-9.972077882985499,-0.8924914674164736,-0.9378292934007321,287.2533067,44.67
1.5366568914956011,-1.8782608695652174,1.3135093856302296,-13.569872155556148,-0.7004669784526129,1.2300981464473428,-0.8139583771284424,4.0,-0.9047619047619047,-0.7463150181364675,1.0,1.8571428571428572,0.0,-1.0,-0.5273267921743736,-8.407577888966944,-0.8924914674164736,-2.2423603779289434,419.9107333,33.17
-0.4222873900293255,-0.20869565217391303,0.522229446857712,0.0,-0.8005336899936845,-0.8287895308135552,-0.8652512087450074,0.0,-0.047619047619047554,-0.7808935146854586,1.0,1.0,0.0,0.0,-0.37028393567948165,0.563636385370489,-0.04621315026437009,-0.4678609061320062,382.06053331795005,55.6193
0.0,0.06956521739130435,-0.49373491897366756,2.1783215828655935,-0.3502334892263064,-0.35768811333705147,-0.37838974143367676,0.0,0.09523809523809532,-0.32567993611732915,1.0,1.0,0.0,0.0,-0.3702839369759939,0.5636363624483166,0.1075085325835265,-0.4425711272228174,436.01847330000004,58.8547
0.49266862170087977,-0.41739130434782606,-0.49373491897366756,2.1783215828655935,0.0,0.00872410045934723,0.0,0.0,0.09523809523809532,0.0,1.0,1.0,0.0,0.0,-0.03695060318167851,0.16363636397760326,0.1075085325835265,0.0,463.73427330000004,43.6034
0.5747800586510264,-0.3826086956521739,-0.47777055314228795,1.2521750704676602,0.08338892667337461,0.09596510383144495,0.08997267185200761,0.0,0.11904761904761904,0.08362321449751528,0.0,0.0,0.0,0.0,-0.0369506028198611,0.1636363620525265,0.13299872866195778,0.03793466867991167,450.94749618074997,38.43
-0.5513196480938416,0.4985507246376812,0.0,-0.28865028570026563,0.2585056712865278,0.27917121072964474,0.27916754256884596,0.0,0.07142857142857138,0.2343024381503985,0.0,0.0,0.0,0.0,0.29638273099210427,-0.1636363638357917,0.07962749169133294,0.512118019275797,473.87898506424995,47.28
-0.5513196480938416,0.4985507246376812,0.0,-0.28865028570026563,-0.4252835222983879,-0.4362050165551457,-0.4591128862728612,0.0,0.07142857142857138,-0.4015488671454283,0.0,0.0,0.0,0.0,-0.3702839381143949,0.5636363423215164,0.07962749169133294,-0.35194942000930024,409.68118497015,56.62
0.3284457478005865,-0.48695652173913045,0.13346859824286658,-0.06219667578722839,0.5003335553704694,0.5321701200812469,0.5406768972041203,0.0,0.04761904761904766,0.4530963068284765,0.0,0.0,0.0,0.0,0.6297160640179987,-0.4363636320789112,0.05155185388316544,1.0242360366548424,484.75470442625004,25.3
0.21114369501466276,0.20869565217391303,-0.4452002131180637,-0.8012147999525008,1.0006671130758287,1.0556161397031474,1.0813537944082405,0.0,0.1666666666666667,0.9487552190771876,0.0,0.0,0.0,0.0,0.6297160637154792,-0.4363636489110052,0.18585904804744396,0.9926238147570247,546.2374462534501,45.68
0.0,-0.6260869565217392,0.5225924994444352,-0.002654266993628097,-0.5003335553704694,-0.5147219191625528,-0.5406768972041203,0.0,-0.047619047619047554,-0.5017392844516017,0.0,0.0,0.0,0.0,-0.03695060274950777,0.16363636167820092,-0.04621315034044671,-0.0885142205973554,383.35860453787,36.19
0.16422287390029325,-0.5565217391304348,0.3566072615694854,0.13955877882078063,-0.016677784867697096,-0.00872410045934723,-0.017658187933571653,0.0,0.0,-0.03983005828388248,0.0,0.0,0.0,0.0,0.2963827293843626,-0.16363637977651538,0.0,0.5816649187049416,432.58656550049,29.43
0.0,-0.6260869565217392,-0.436749738197869,-0.23806793255361663,-0.8605737173853057,1.5267175577903378,-0.9299978978347702,0.0,-0.047619047619047554,-0.1545066000745991,1.0,1.0,0.0,0.0,0.3776740579215669,0.8542207978859443,0.0028009719558517204,-2.276080083703197,442.1539332418,33.68
-1.5483870967741935,2.2956521739130435,-3.9966953886631127,0.6903970044054896,1.0833889266733747,-0.9928026172508091,1.0712634013033429,0.0,-0.9047619047619047,4.177864276420839,0.0,-0.02857142857142857,0.0,-1.0,3.2552482863706094,45.50779690490209,-0.8924914674164736,-8.05268703389707,439.16302,39.1869
-1.5483870967741935,2.2956521739130435,-4.03007242311751,0.3213917089473811,0.7004669784526129,0.00872410045934723,0.6659659449232712,2.0,-0.9047619047619047,4.101464399691517,0.0,-0.02857142857142857,0.0,-1.0,3.1868274383568895,44.56542190850501,-0.8924914674164736,-8.269757634392075,453.98706000000004,54.2342
-0.31671554252199413,0.7304347826086957,-0.4448904783086974,-0.8034792723684562,0.2501667776852347,0.2704471105756408,0.2699180155560228,0.0,0.1666666666666667,0.2508696434925451,1.0,1.0,0.0,0.0,-0.03695060214446861,0.1636363804637906,0.18585904804744396,0.04425711251153389,503.76978331794993,61.9935
0.49266862170087977,-0.41739130434782606,-0.12797297183106993,-0.4957654589010292,0.7004669784526129,0.7415485280521447,0.7567794828673535,0.0,0.09523809523809532,0.6513598722346591,0.0,0.0,0.0,0.0,0.6297160644069528,-0.4363636337284584,0.1075085325835265,0.8851422544456348,507.04403298150004,25.11
-0.49266862170087977,0.5565217391304348,-0.12797297183106993,-0.4957654589010292,0.7004669784526129,0.7415485280521447,0.7567794828673535,0.0,0.09523809523809532,0.6513598722346591,0.0,0.0,0.0,0.0,0.6297160644069528,-0.4363636337284584,0.1075085325835265,0.8851422544456348,517.3760329815,47.57
-0.7859237536656891,0.26666666666666666,0.44245019377159445,0.14224558970078513,-0.7871914611655711,1.6706652127741468,-0.8501156190876603,0.0,-0.023809523809523725,-0.06123803541489322,1.0,1.0,0.0,0.0,0.3776740557957538,0.8542207586598471,-0.023716802898809366,0.46975763953439276,463.90524438205,62.25
0.21114369501466276,0.20869565217391303,-0.4448904783086974,-0.8034792723684562,0.2501667776852347,0.2704471105756408,0.2699180155560228,0.0,0.1666666666666667,0.2508696434925451,1.0,1.0,0.0,0.0,-0.03695060214446861,0.1636363804637906,0.18585904804744396,0.04425711251153389,498.23478331794996,55.26
3.2609970674486806,-1.8782608695652174,0.7355168377614155,-15.474415615985082,-0.7004669784526129,1.2300981464473428,-0.8139583771284424,4.0,-0.9047619047619047,-0.7463150181364675,1.0,1.8571428571428572,0.0,-1.0,-1.3883401972362783,-8.407577888966944,-0.8924914674164736,-1.3150684923192306,420.8679333,38.54
2.0527859237536656,-1.8782608695652174,2.036407107471788,-13.510355172417745,-1.0098398939358502,-1.047764449320269,-1.1452596174059284,6.0,-0.9047619047619047,-1.524368312427815,1.0,1.0,1.0,-1.0,-1.6304939737246318,-9.97207788298549,-0.8924914674164736,-0.48788198072420297,310.6533633,47.92
2.0527859237536656,-1.8782608695652174,2.036407107471788,-13.510355172417745,-1.0098398939358502,-1.047764449320269,-1.1452596174059284,6.0,-0.9047619047619047,-1.524368312427815,1.0,1.0,1.0,-1.0,-1.6304939737246318,-9.97207788298549,-0.8924914674164736,-0.48788198072420297,310.6533633,47.92
-0.21114369501466276,-0.06956521739130435,0.25166392250458275,0.08546555454898189,-0.5753835884425506,-0.5932388223806471,-0.6214000420433048,0.0,0.02380952380952383,-0.553286726668138,0.0,0.0,0.0,0.0,-0.37028393777384755,0.5636363388626415,0.025052392232649243,-0.19599578406997253,386.7673564596,52.01
0.07038123167155426,0.11594202898550725,-0.47777055314228795,1.2521750704676602,-0.2751834561542249,-0.27917121011895724,-0.2976665965944923,0.0,0.11904761904761904,-0.24981100508923,0.0,0.0,0.0,0.0,-0.37028393589054165,0.5636363816389739,0.13299872866195778,-0.41517386717691845,422.57179612255004,52.35
-0.49266862170087977,0.5565217391304348,-0.12797297183106993,-0.4957654589010292,0.0,0.00872410045934723,0.0,0.0,0.09523809523809532,0.0,0.0,0.0,0.0,0.0,-0.03695060318167851,0.16363636397760326,0.1075085325835265,0.0,451.6124329815,53.26
2.0527859237536656,-1.8782608695652174,2.036407107471788,-13.510355172417745,-0.9175252644546528,-1.2892120035556045,-1.0468782846331726,6.0,-0.9047619047619047,-1.5124484840227592,1.0,1.5714285714285714,-1.0,-1.0,-1.6184940313497023,-9.735966773148833,-0.8924914674164736,-0.48788198072420297,320.27470783,46.16
0.08211143695014662,-0.591304347826087,0.4469963738050063,0.10960363123589249,-0.10840560280747502,-0.10468920398544886,-0.11688038679840242,0.0,-0.023809523809523725,-0.13120755625081387,0.0,0.0,0.0,0.0,0.29638272977165603,-0.1636363822414103,-0.02372070337487995,0.46996839253743156,422.0887159050201,30.27
0.0,0.06956521739130435,-0.49373491897366756,2.1783215828655935,0.3502334892263064,0.37513631425574595,0.37838974143367676,0.0,0.09523809523809532,0.32567993611732987,0.0,0.0,0.0,0.0,0.2963827306126375,-0.1636363620438834,0.1075085325835265,0.4425711272228174,479.32374000000004,44.581
2.0527859237536656,-1.8782608695652174,2.036407107471788,-13.510355172417745,-1.0098398939358502,-1.047764449320269,-1.1452596174059284,4.0,-0.9047619047619047,-1.4378243480733384,1.0,1.0,-1.0,-1.0,-1.5433683415543558,-8.257792175253892,-0.8924914674164736,-0.48788198072420297,304.11172330000005,41.82
-0.4222873900293255,-0.20869565217391303,0.522229446857712,0.0,-0.2001334230821434,-0.20065430751155006,-0.21610258566323318,0.0,-0.047619047619047554,-0.22258505421774452,0.0,0.0,0.0,0.0,0.2963827301804661,-0.16363636000310752,-0.04621315026437009,0.2908324543998936,415.9709999238501,46.7372
-0.844574780058651,0.20869565217391303,0.522229446857712,0.0,0.1000667115410717,0.11341330413945233,0.10847172587765393,0.0,-0.047619047619047554,0.0565691760161129,0.0,0.0,0.0,0.0,0.6297160631104406,-0.4363636508737935,-0.04621315026437009,0.6701791357195875,448.58339998204997,46.5257
0.0,0.06956521739130435,-0.49373491897366756,2.1783215828655935,0.7004669784526129,0.7415485280521447,0.7567794828673535,0.0,0.09523809523809532,0.6513598722346591,1.0,1.0,0.0,0.0,0.6297160644069528,-0.4363636337284584,0.1075085325835265,0.8851422544456348,534.6638733,46.89
0.7390029325513197,-0.3130434782608696,-0.4452002131180637,-0.8012147999525008,0.6254169453805313,0.6630316248340504,0.676056338028169,0.0,0.1666666666666667,0.5998124300181226,0.0,0.0,0.0,0.0,0.29638272957542755,-0.1636363770181052,0.18585904804744396,0.5184404635289015,505.4719461772999,25.71
-0.4340175953079179,0.6144927536231884,-0.47777055314228795,1.2521750704676602,0.8005336899936845,0.8462377317322497,0.8652512087450074,0.0,0.11904761904761904,0.7504916536710058,0.0,0.0,0.0,0.0,0.6297160633215007,-0.4363636480826928,0.13299872866195778,0.9441517382860839,528.85489608665,47.59
0.16422287390029325,-0.5565217391304348,0.3566072615694854,0.13955877882078063,-0.3335557043586093,-0.340239912418357,-0.3607315535001051,0.0,0.0,-0.3344928554565714,0.0,0.0,0.0,0.0,-0.036950601953403675,0.16363638350072796,0.0,0.18124342222471024,402.83636553639,36.85
-1.5483870967741935,2.2956521739130435,-4.037399089217255,0.2499713291813002,0.4996664446295306,0.5339149402341851,0.4532268236283373,2.0,-0.9047619047619047,4.067328176749123,0.0,-0.02857142857142857,0.0,-1.0,3.1562563246104753,44.14435941011483,-0.8924914674164736,-8.314014747114355,458.30728,56.2162
-0.5513196480938416,0.4985507246376812,0.0,-0.28865028570026563,0.6004002669115411,0.6368593243720395,0.6483077569896996,0.0,0.07142857142857138,0.5522280907983123,0.0,0.0,0.0,0.0,0.6297160655453539,-0.4363636186740091,0.07962749169133294,0.9441517378646016,505.97788500605003,47.43
-0.28152492668621704,-0.11594202898550725,0.3566072615694854,0.13955877882078063,-0.6504336238495219,-0.6717557249880538,-0.7029640529745639,0.0,0.0,-0.629155655162749,0.0,0.0,0.0,0.0,-0.370283936157144,0.5636363866546618,0.0,-0.21917807446627666,377.76016546024,52.15
0.49266862170087977,-0.41739130434782606,-0.12797297183106993,-0.4957654589010292,0.3502334892263064,0.37513631425574595,0.37838974143367676,0.0,0.09523809523809532,0.32567993611732987,0.0,0.0,0.0,0.0,0.2963827306126375,-0.1636363620438834,0.1075085325835265,0.4425711272228174,474.16223298150004,26.17
0.7390029325513197,-0.3130434782608696,-0.4448904783086974,-0.8034792723684562,0.2501667776852347,0.2704471105756408,0.2699180155560228,0.0,0.1666666666666667,0.2508696434925451,0.0,0.0,0.0,0.0,-0.03695060214446861,0.1636363804637906,0.18585904804744396,0.04425711251153389,470.24145001794994,38.8889
0.16422287390029325,-0.5565217391304348,0.3566072615694854,0.13955877882078063,0.30020013462321576,0.32279171211035007,0.3245743115408871,0.0,0.0,0.25483274142229473,0.0,0.0,0.0,0.0,0.629716063588103,-0.4363636517077847,0.0,0.9820864153959286,462.33676557664,25.5
-0.4222873900293255,-0.20869565217391303,0.522229446857712,0.0,-0.8005336899936845,-0.8287895308135552,-0.8652512087450074,0.0,-0.047619047619047554,-0.7808935146854586,0.0,0.0,0.0,0.0,-0.37028393567948165,0.563636385370489,-0.04621315026437009,-0.4678609061320062,359.60220001795,51.23
0.7390029325513197,-0.3130434782608696,-0.4448904783086974,-0.8034792723684562,-0.12508339001006258,-0.1221374042934558,-0.13537944082404874,0.0,0.1666666666666667,-0.09807314556652062,1.0,1.0,0.0,0.0,-0.37028393628452083,0.5636363828892238,0.18585904804744396,-0.42992623871658925,457.4692832418,38.6601
2.0527859237536656,-1.8782608695652174,2.036407107471788,-13.510355172417745,-1.0098398939358502,-1.047764449320269,-1.1452596174059284,4.0,-0.9047619047619047,-1.4378243480733384,1.0,0.42857142857142855,-1.0,-1.0,-1.5433683415543558,-8.257792175253892,-0.8924914674164736,-0.48788198072420297,291.27839000000006,40.33
-0.3519061583577713,-0.16231884057971013,0.4469963738050063,0.10960363123589249,0.2001334230821434,0.2181025084302445,0.21610258566323318,0.0,-0.023809523809523725,0.15570095998594793,0.0,0.0,0.0,0.0,0.6297160648274436,-0.4363636355117569,-0.02372070337487995,0.8598524805944057,455.60701592297,46.2
2.0527859237536656,-1.8782608695652174,2.036407107471788,-13.510355172417745,-0.2976984658423604,-0.30272628126759177,-0.3910027328147992,6.0,-0.9047619047619047,-0.9564235463515622,1.0,1.5714285714285714,-1.0,-1.0,-1.0587320126071946,-9.972077882985499,-0.8924914674164736,0.4120126446288648,395.9534767,45.87
-0.14076246334310852,-0.02318840579710145,0.13346859824286658,-0.06219667578722839,-0.5003335553704694,-0.5147219191625528,-0.5406768972041203,0.0,0.04761904761904766,-0.4774177956400392,0.0,0.0,0.0,0.0,-0.3702839365870404,0.5636363600822426,0.05155185388316544,-0.24025289700299826,395.72670457854997,44.85
0.7390029325513197,-0.3130434782608696,-0.4448904783086974,-0.8034792723684562,1.0006671130758287,1.0556161397031474,1.0813537944082405,0.0,0.1666666666666667,0.9487552190771876,0.0,0.0,0.0,0.0,0.6297160637154792,-0.4363636489110052,0.18585904804744396,0.9926238147570247,540.7024500582,20.5882
-0.4222873900293255,-0.20869565217391303,0.522229446857712,0.0,-0.2001334230821434,-0.20065430751155006,-0.21610258566323318,0.0,-0.047619047619047554,-0.22258505421774452,1.0,1.0,0.0,0.0,0.2963827301804661,-0.16363636000310752,-0.04621315026437009,0.2908324543998936,438.4293333238501,53.2931
-1.5483870967741935,2.2956521739130435,-3.9372679858540662,1.321277025672575,0.8569046036403627,-0.4004362049466315,0.8316165650620141,-4.0,-0.9047619047619047,4.1221706005307786,0.0,-0.02857142857142857,0.0,-1.0,3.2053711308497985,44.820828157528545,-0.8924914674164736,-7.675447834978572,426.5215,20.909
0.5747800586510264,-0.3826086956521739,-0.47777055314228795,1.2521750704676602,-0.2751834561542249,-0.27917121011895724,-0.2976665965944923,0.0,0.11904761904761904,-0.24981100508923,0.0,0.0,0.0,0.0,-0.37028393589054165,0.5636363816389739,0.13299872866195778,-0.41517386717691845,417.28279612255005,35.7
-0.31671554252199413,0.7304347826086957,-0.4448904783086974,-0.8034792723684562,-0.12508339001006258,-0.1221374042934558,-0.13537944082404874,0.0,0.1666666666666667,-0.09807314556652062,1.0,1.0,0.0,0.0,-0.37028393628452083,0.5636363828892238,0.18585904804744396,-0.42992623871658925,468.53928324180004,59.98
2.0527859237536656,-1.8782608695652174,2.036407107471788,-13.510355172417745,-1.0098398939358502,-1.047764449320269,-1.1452596174059284,2.0,-0.9047619047619047,-1.3512803837188618,1.0,0.42857142857142855,-1.0,-1.0,-1.4562427093840795,-6.543506467522293,-0.8924914674164736,-0.48788198072420297,284.73675000000003,37.63
2.4809384164222874,-1.8782608695652174,1.0372126662687144,-14.48048199757373,-0.7004669784526129,1.2300981464473428,-0.8139583771284424,4.0,-0.9047619047619047,-0.7463150181364675,1.0,1.8571428571428572,0.0,-1.0,-1.066482974827305,-8.407577888966944,-0.8924914674164736,-1.583561642834402,420.5421633,35.98
-0.6686217008797654,0.3826086956521739,0.25166392250458275,0.08546555454898189,0.0750500330720815,0.08724100367744148,0.08072314483918444,0.0,0.02380952380952383,0.05154744221653645,0.0,0.0,0.0,0.0,0.2963827318094174,-0.16363634476593772,0.025052392232649243,0.6259220225758062,452.63055641935006,49.25
2.0527859237536656,-1.8782608695652174,2.036407107471788,-13.510355172417745,-1.0098398939358502,-1.047764449320269,-1.1452596174059284,6.0,-0.9047619047619047,-1.524368312427815,1.0,2.142857142857143,-1.0,-1.0,-1.6304939737246318,-9.97207788298549,-0.8924914674164736,-0.48788198072420297,336.32003000000003,46.86
-0.07038123167155426,0.02318840579710145,0.0,-0.28865028570026563,-0.4252835222983879,-0.4362050165551457,-0.4591128862728612,0.0,0.07142857142857138,-0.4015488671454283,0.0,0.0,0.0,0.0,-0.3702839381143949,0.5636363423215164,0.07962749169133294,-0.35194942000930024,404.63818497015006,54.26
-1.5483870967741935,2.2956521739130435,-3.9690168722862964,0.9820302217836686,0.7004669784526129,0.00872410045934723,0.6659659449232712,-2.0,-0.9047619047619047,4.114131841780873,0.0,-0.02857142857142857,0.0,-1.0,3.1981719217123934,44.72167190790762,-0.8924914674164736,-7.877766064566154,435.88095000000004,35.5006
-0.31671554252199413,0.7304347826086957,-0.4448904783086974,-0.8034792723684562,0.6254169453805313,0.6630316248340504,0.676056338028169,0.0,0.1666666666666667,0.5998124300181226,0.0,0.0,0.0,0.0,0.29638272957542755,-0.1636363770181052,0.18585904804744396,0.5184404635289015,516.54194998205,48.4967
-0.14076246334310852,-0.02318840579710145,0.13346859824286658,-0.06219667578722839,0.5003335553704694,0.5321701200812469,0.5406768972041203,0.0,0.04761904761904766,0.4530963068284765,0.0,0.0,0.0,0.0,0.6297160640179987,-0.4363636320789112,0.05155185388316544,1.0242360366548424,489.67470442625,46.42
0.21114369501466276,0.20869565217391303,-0.4448904783086974,-0.8034792723684562,0.6254169453805313,0.6630316248340504,0.676056338028169,0.0,0.1666666666666667,0.5998124300181226,1.0,1.0,0.0,0.0,0.29638272957542755,-0.1636363770181052,0.18585904804744396,0.5184404635289015,533.46528338205,54.2157
-0.31671554252199413,0.7304347826086957,-0.4448904783086974,-0.8034792723684562,1.0006671130758287,1.0556161397031474,1.0813537944082405,0.0,0.1666666666666667,0.9487552190771876,1.0,1.0,0.0,0.0,0.6297160637154792,-0.4363636489110052,0.18585904804744396,0.9926238147570247,574.2307833582001,53.7582
0.21114369501466276,0.20869565217391303,-0.4448904783086974,-0.8034792723684562,1.0006671130758287,1.0556161397031474,1.0813537944082405,0.0,0.1666666666666667,0.9487552190771876,1.0,1.0,0.0,0.0,0.6297160637154792,-0.4363636489110052,0.18585904804744396,0.9926238147570247,568.6957833582001,49.8693
2.0527859237536656,-1.8782608695652174,2.036407107471788,-13.510355172417745,-1.0098398939358502,-1.047764449320269,-1.1452596174059284,6.0,-0.9047619047619047,-1.524368312427815,1.0,1.0,0.0,-1.0,-1.6304939737246318,-9.97207788298549,-0.8924914674164736,-0.48788198072420297,310.6533633,46.86
-0.7272727272727273,0.32463768115942027,0.3566072615694854,0.13955877882078063,-0.016677784867697096,-0.00872410045934723,-0.017658187933571653,0.0,0.0,-0.03983005828388248,0.0,0.0,0.0,0.0,0.2963827293843626,-0.16363637977651538,0.0,0.5816649187049416,441.93456550049007,49.86
0.7390029325513197,-0.3130434782608696,-0.4452002131180637,-0.8012147999525008,0.2501667776852347,0.2704471105756408,0.2699180155560228,0.0,0.1666666666666667,0.2508696434925451,0.0,0.0,0.0,0.0,-0.03695060214446861,0.1636363804637906,0.18585904804744396,0.04425711251153389,470.24144621319994,38.96
2.4809384164222874,-1.8782608695652174,1.0372126662687144,-14.48048199757373,-0.7004669784526129,1.2300981464473428,-0.8139583771284424,2.0,-0.9047619047619047,-0.5841717593927171,1.0,1.8571428571428572,0.0,-1.0,-0.9161043216747247,-6.007577898142698,-0.8924914674164736,-1.583561642834402,408.2861633,34.21
-0.4340175953079179,0.6144927536231884,-0.47777055314228795,1.2521750704676602,-0.2751834561542249,-0.27917121011895724,-0.2976665965944923,0.0,0.11904761904761904,-0.24981100508923,0.0,0.0,0.0,0.0,-0.37028393589054165,0.5636363816389739,0.13299872866195778,-0.41517386717691845,427.86079612255,54.14
0.0,0.06956521739130435,-0.49373491897366756,2.1783215828655935,0.3502334892263064,0.37513631425574595,0.37838974143367676,0.0,0.09523809523809532,0.32567993611732987,1.0,1.0,0.0,0.0,0.2963827306126375,-0.1636363620438834,0.1075085325835265,0.4425711272228174,501.7820733,58.8547
-0.3519061583577713,-0.16231884057971013,0.4469963738050063,0.10960363123589249,-0.10840560280747502,-0.10468920398544886,-0.11688038679840242,0.0,-0.023809523809523725,-0.13120755625081387,0.0,0.0,0.0,0.0,0.29638272977165603,-0.1636363822414103,-0.02372070337487995,0.46996839253743156,426.63971590502,46.49
0.0,-0.6260869565217392,0.522229446857712,0.0,-0.5003335553704694,-0.5147219191625528,-0.5406768972041203,0.0,-0.047619047619047554,-0.5017392844516017,0.0,0.0,0.0,0.0,-0.03695060274950777,0.16363636167820092,-0.04621315026437009,-0.08851422481231228,383.35860007615,36.1631
0.21114369501466276,0.20869565217391303,-0.4452002131180637,-0.8012147999525008,-0.12508339001006258,-0.1221374042934558,-0.13537944082404874,0.0,0.1666666666666667,-0.09807314556652062,0.0,0.0,0.0,0.0,-0.37028393628452083,0.5636363828892238,0.18585904804744396,-0.42992623871658925,440.54594613705,45.88
0.21114369501466276,0.20869565217391303,-0.4452002131180637,-0.8012147999525008,0.2501667776852347,0.2704471105756408,0.2699180155560228,0.0,0.1666666666666667,0.2508696434925451,0.0,0.0,0.0,0.0,-0.03695060214446861,0.1636363804637906,0.18585904804744396,0.04425711251153389,475.77644621319996,50.69
-1.5483870967741935,2.2956521739130435,-3.9714590943195454,0.9522717302144665,0.9806537698336579,-0.7241003271334502,0.9627916754256889,-2.0,-0.9047619047619047,4.1594306146924085,0.0,-0.02857142857142857,0.0,-1.0,3.2387397941916793,45.280421905771405,-0.8924914674164736,-7.894625917031779,433.4738000000001,28.2022
-0.14076246334310852,-0.02318840579710145,0.12805481069140384,-0.02380679325536031,-0.30020013462321576,2.625954201622282,-0.3245743115408871,0.0,0.04761904761904766,0.5356156449534878,0.0,0.0,0.0,0.0,0.7183975122153199,0.5814935141657552,0.05156037420664579,1.0238145409754493,501.77033998999997,44.89
-0.844574780058651,0.20869565217391303,0.522229446857712,0.0,-0.2001334230821434,-0.20065430751155006,-0.21610258566323318,0.0,-0.047619047619047554,-0.22258505421774452,0.0,0.0,0.0,0.0,0.2963827301804661,-0.16363636000310752,-0.04621315026437009,0.2908324543998936,420.3989999238501,51.6012
0.0,0.06956521739130435,-0.49373491897366756,2.1783215828655935,0.0,0.00872410045934723,0.0,0.0,0.09523809523809532,0.0,1.0,1.0,0.0,0.0,-0.03695060318167851,0.16363636397760326,0.1075085325835265,0.0,468.90027330000004,62.1788
-1.5483870967741935,2.2956521739130435,-3.8990065073331723,1.7319442093275623,0.8569046036403627,-0.3943293347166914,0.8316165650620141,-6.0,-0.9047619047619047,4.090654004612462,0.0,-0.02857142857142857,0.0,-1.0,3.1771460562613014,44.39301978504919,-0.8924914674164736,-7.42887249266872,418.66507,9.53802
0.3284457478005865,-0.48695652173913045,0.13346859824286658,-0.06219667578722839,-0.16677785101185943,-0.16575790628484866,-0.17994534370401521,0.0,0.04761904761904766,-0.16724642899502984,0.0,0.0,0.0,0.0,-0.0369506039595861,0.1636363433611781,0.05155185388316544,0.1812434148485261,422.1227045606,37.52
-0.49266862170087977,0.5565217391304348,-0.49373491897366756,2.1783215828655935,0.7004669784526129,0.7415485280521447,0.7567794828673535,0.0,0.09523809523809532,0.6513598722346591,1.0,1.0,0.0,0.0,0.6297160644069528,-0.4363636337284584,0.1075085325835265,0.8851422544456348,539.8298733,51.0335
0.14076246334310852,0.16231884057971013,-0.4655677497872546,0.19878520004749917,-0.2001334230821434,-0.20065430751155006,-0.21610258566323318,0.0,0.142857142857143,-0.1739420765946198,0.0,0.0,0.0,0.0,-0.37028393732958875,0.5636363645992792,0.15982241588332552,-0.44257112785506475,431.54466592641006,45.96
-0.49266862170087977,0.5565217391304348,-0.49373491897366756,2.1783215828655935,0.3502334892263064,0.37513631425574595,0.37838974143367676,0.0,0.09523809523809532,0.32567993611732987,0.0,0.0,0.0,0.0,0.2963827306126375,-0.1636363620438834,0.1075085325835265,0.4425711272228174,484.48974,46.5363
-0.07038123167155426,0.02318840579710145,0.0,-0.28865028570026563,0.6004002669115411,0.6368593243720395,0.6483077569896996,0.0,0.07142857142857138,0.5522280907983123,0.0,0.0,0.0,0.0,0.6297160655453539,-0.4363636186740091,0.07962749169133294,0.9441517378646016,500.93488500605,46.5
2.0527859237536656,-1.8782608695652174,2.036407107471788,-13.510355172417745,-1.0098398939358502,-1.047764449320269,-1.1452596174059284,6.0,-0.9047619047619047,-1.524368312427815,1.0,0.42857142857142855,-1.0,-1.0,-1.6304939737246318,-9.97207788298549,-0.8924914674164736,-0.48788198072420297,297.82003000000003,42.57
-0.3519061583577713,-0.16231884057971013,0.4469963738050063,0.10960363123589249,-0.4169446310319846,-0.4274809157904547,-0.4507042253521127,0.0,-0.023809523809523725,-0.4181160699540867,0.0,0.0,0.0,0.0,-0.03695060234069766,0.16363638626563293,-0.02372070337487995,0.08008430258372491,397.67241578862,48.47
-0.844574780058651,0.20869565217391303,0.522229446857712,0.0,-0.5003335553704694,-0.5147219191625528,-0.5406768972041203,0.0,-0.047619047619047554,-0.5017392844516017,1.0,1.0,0.0,0.0,-0.03695060274950777,0.16363636167820092,-0.04621315026437009,-0.08851422481231228,414.67293337614996,65.3474
-1.5483870967741935,2.2956521739130435,-3.914473913543747,1.5652966565400266,1.0833889266733747,-0.986695747020869,1.0712634013033429,-6.0,-0.9047619047619047,4.136213726831038,0.0,-0.02857142857142857,0.0,-1.0,3.2179476250977097,44.95475447677908,-0.8924914674164736,-7.527924125904309,419.63081000000005,8.03376
-0.21114369501466276,-0.06956521739130435,0.25166392250458275,0.08546555454898189,0.0750500330720815,0.08724100367744148,0.08072314483918444,0.0,0.02380952380952383,0.05154744221653645,0.0,0.0,0.0,0.0,0.2963827318094174,-0.16363634476593772,0.025052392232649243,0.6259220225758062,447.83355641935003,45.75
3.2609970674486806,-1.8782608695652174,0.7355168377614155,-15.474415615985082,-0.7004669784526129,1.2300981464473428,-0.8139583771284424,2.0,-0.9047619047619047,-0.5841717593927171,1.0,1.8571428571428572,0.0,-1.0,-1.2568298090547292,-6.007577898142698,-0.8924914674164736,-1.3150684923192306,408.6119333,30.105
-1.5483870967741935,2.2956521739130435,-3.997509462674196,0.6725419094639643,0.9806537698336579,-0.7241003271334502,0.9627916754256889,0.0,-0.9047619047619047,4.160950707743131,0.0,-0.02857142857142857,0.0,-1.0,3.240101132194339,45.29917190569971,-0.8924914674164736,-8.061116960129889,440.70937000000004,40.4923
0.24633431085043989,-0.5217391304347826,0.25166392250458275,0.08546555454898189,0.0750500330720815,0.08724100367744148,0.08072314483918444,0.0,0.02380952380952383,0.05154744221653645,0.0,0.0,0.0,0.0,0.2963827318094174,-0.16363634476593772,0.025052392232649243,0.6259220225758062,443.03655641935,28.6
-0.844574780058651,0.20869565217391303,0.522229446857712,0.0,-0.8005336899936845,-0.8287895308135552,-0.8652512087450074,0.0,-0.047619047619047554,-0.7808935146854586,1.0,1.0,0.0,0.0,-0.37028393567948165,0.563636385370489,-0.04621315026437009,-0.4678609061320062,386.48853331795004,61.9637
-1.5483870967741935,2.2956521739130435,-4.041469459272669,0.2023577426705728,0.9806537698336579,-0.7241003271334502,0.9627916754256889,4.0,-0.9047619047619047,4.131055544412252,0.0,-0.02857142857142857,0.0,-1.0,3.213328151475348,44.930421907109526,-0.8924914674164736,-8.341412007371009,455.21786,54.9901
-0.14076246334310852,-0.02318840579710145,0.13346859824286658,-0.06219667578722839,-0.16677785101185943,-0.16575790628484866,-0.17994534370401521,0.0,0.04761904761904766,-0.16724642899502984,0.0,0.0,0.0,0.0,-0.0369506039595861,0.1636363433611781,0.05155185388316544,0.1812434148485261,427.04270456060004,49.59
-0.49266862170087977,0.5565217391304348,-0.49373491897366756,2.1783215828655935,-0.3502334892263064,-0.35768811333705147,-0.37838974143367676,0.0,0.09523809523809532,-0.32567993611732915,1.0,1.0,0.0,0.0,-0.3702839369759939,0.5636363624483166,0.1075085325835265,-0.4425711272228174,441.1844733,56.7039
0.21114369501466276,0.20869565217391303,-0.4448904783086974,-0.8034792723684562,1.0006671130758287,1.0556161397031474,1.0813537944082405,0.0,0.1666666666666667,0.9487552190771876,0.0,0.0,0.0,0.0,0.6297160637154792,-0.4363636489110052,0.18585904804744396,0.9926238147570247,546.2374500582,45.7516
0.24633431085043989,-0.5217391304347826,0.25166392250458275,0.08546555454898189,-0.5753835884425506,-0.5932388223806471,-0.6214000420433048,0.0,0.02380952380952383,-0.553286726668138,0.0,0.0,0.0,0.0,-0.37028393777384755,0.5636363388626415,0.025052392232649243,-0.19599578406997253,381.9703564596,35.27
2.0527859237536656,-1.8782608695652174,2.036407107471788,-13.510355172417745,-1.0098398939358502,-1.047764449320269,-1.1452596174059284,0.0,-0.9047619047619047,-1.2647364193643853,1.0,1.0,-1.0,-1.0,-1.3691170772138035,-4.829220759790686,-0.8924914674164736,-0.48788198072420297,291.02844333,35.2
-1.5483870967741935,2.2956521739130435,-3.9706450203084627,0.9701268251559851,0.8569046036403627,-0.3943293347166914,0.8316165650620141,-2.0,-0.9047619047619047,4.140209038066021,0.0,-0.02857142857142857,0.0,-1.0,3.2215256751480363,45.004015201288816,-0.8924914674164736,-7.884088509240769,434.70411000000007,33.5856
-0.07038123167155426,0.02318840579710145,0.0,-0.28865028570026563,-0.08338892667337461,-0.07851690291275049,-0.08997267185200761,0.0,0.07142857142857138,-0.08362321449751456,0.0,0.0,0.0,0.0,-0.036950603561145316,0.16363636599659653,0.07962749169133294,0.08008429857950437,436.73708491195,50.43
0.7390029325513197,-0.3130434782608696,-0.4448904783086974,-0.8034792723684562,-0.12508339001006258,-0.1221374042934558,-0.13537944082404874,0.0,0.1666666666666667,-0.09807314556652062,0.0,0.0,0.0,0.0,-0.37028393628452083,0.5636363828892238,0.18585904804744396,-0.42992623871658925,435.0109499418,33.8562
